Department,Month,Budget Allocated,Actual Spending,Revenue Generated,Profit or Loss
R&D,2021-03-01,44649.23,19683.16,5728.99,-13954.17
HR,2021-11-01,,12660.96,46652.24,33991.28
Marketing,2022-01-01,17179.87,37090.63,44321.39,7230.760000000002
Sales,2022-11-01,31151.5,21922.79,10219.85,-11702.94
Sales,2021-04-01,15558.42,47507.27,41403.95,-6103.32
HR,2022-07-01,23224.05,13411.8,67832.2,54420.399999999994
IT,2021-09-01,38912.2,44741.53,39864.67,-4876.860000000001
HR,2021-02-01,14521.15,23314.89,3688.47,-19626.42
R&D,2022-09-01,38816.19,44946.17,36369.49,-8576.68
Marketing,2022-12-01,43998.33,55467.95,16034.2,-39433.75
IT,2021-05-01,15799.0,43096.13,1066.18,-42029.95
IT,2022-10-01,44262.09,40520.55,99642.12,59121.56999999999
Marketing,2021-05-01,10443.56,5446.03,82627.61,77181.58
HR,2022-06-01,14501.08,53930.3,5435.87,-48494.43
Operations,2022-12-01,27912.47,37028.4,47991.38,10962.979999999996
HR,2021-11-01,15801.42,26271.48,98087.76,71816.28
Operations,2021-04-01,21443.64,42077.01,61320.73,19243.72
R&D,2022-06-01,21245.62,30612.7,63356.46,32743.76
HR,2021-02-01,41266.07,14802.37,89932.33,75129.96
Operations,2021-04-01,30240.47,48641.86,93117.07,44475.21000000001
Sales,2022-09-01,6678.7,53336.52,24519.22,-28817.299999999996
Sales,2022-02-01,35172.32,12990.03,13753.24,763.2099999999991
Operations,2021-06-01,19951.47,51464.07,76905.65,25441.579999999994
R&D,2021-08-01,46369.07,25212.49,17975.8,-7236.690000000002
Marketing,2022-08-01,25709.03,47038.0,66522.1,19484.100000000006
Marketing,2021-03-01,14111.92,30178.63,86187.48,56008.84999999999
R&D,2022-09-01,23856.97,44743.26,7103.36,-37639.9
HR,2021-09-01,30496.51,,87876.35,78665.78
R&D,2022-07-01,19426.27,32520.22,8745.6,-23774.620000000003
Marketing,2021-03-01,49178.53,46505.88,38714.71,-7791.169999999998
IT,2021-05-01,5009.77,8720.28,67293.16,58572.880000000005
R&D,2022-06-01,44462.74,36482.89,23635.64,-12847.25
HR,2022-08-01,38862.24,24331.53,84062.31,59730.78
Marketing,2022-08-01,49874.69,38305.86,13537.13,-24768.730000000003
IT,2021-09-01,22699.16,18675.78,9351.97,-9323.81
Sales,2021-12-01,22869.97,45079.38,77426.71,32347.33000000001
R&D,2022-04-01,14933.62,15207.07,35687.38,20480.309999999998
Marketing,2022-08-01,14174.7,25550.71,31538.6,5987.889999999999
Operations,2022-06-01,24174.28,38546.21,,19835.97
Marketing,2022-04-01,40013.32,24116.18,15460.75,-8655.43
Operations,2022-01-01,11218.28,46646.07,80372.12,33726.049999999996
Operations,2021-04-01,20329.01,54032.48,41807.03,-12225.450000000004
IT,2021-11-01,44050.98,57420.5,83085.53,25665.03
HR,2021-10-01,49847.36,49566.88,17333.61,-32233.269999999997
IT,2022-02-01,23662.66,58616.72,98127.33,39510.61
Operations,2021-06-01,6833.64,44295.0,92129.67,47834.67
Sales,2021-09-01,45877.84,23331.02,42333.01,19001.99
Sales,2022-04-01,11177.95,,75735.32,16127.830000000009
Sales,2022-11-01,45627.62,20332.24,33517.44,13185.2
Sales,2021-03-01,12981.3,40322.05,2094.49,-38227.560000000005
Sales,2022-05-01,11827.93,,15171.4,-1724.92
Operations,2022-06-01,28036.16,12364.14,33650.73,21286.590000000004
Marketing,2022-09-01,10717.15,24772.57,82205.72,57433.15
HR,2021-03-01,31139.84,50647.23,65299.52,14652.289999999994
Marketing,2022-11-01,6828.94,38503.15,,-27064.21
R&D,2022-07-01,28414.33,22773.76,61530.99,38757.229999999996
IT,2021-11-01,28120.29,,33062.86,-23922.690000000002
Sales,2021-02-01,40585.1,54160.2,79963.51,25803.309999999998
R&D,2022-04-01,25851.3,56806.17,47915.91,-8890.259999999995
R&D,2021-01-01,44858.77,55690.75,23837.56,-31853.19
Sales,2022-04-01,41526.99,26238.13,,54570.34
R&D,2022-03-01,30280.53,33990.76,85994.26,52003.49999999999
Marketing,2021-07-01,28194.71,53869.11,47232.95,-6636.1600000000035
Marketing,2022-01-01,33316.44,19629.89,25487.82,5857.93
HR,2021-07-01,37343.73,46348.23,99354.1,53005.87
R&D,2021-12-01,42173.26,21347.84,31659.64,10311.8
IT,2022-06-01,6227.93,26760.7,19268.43,-7492.27
Operations,2022-08-01,36395.33,46313.62,65959.51,19645.889999999992
Sales,2022-09-01,20331.89,11154.95,24121.93,12966.98
Marketing,2021-05-01,26626.27,7710.57,60376.85,52666.28
Marketing,2022-03-01,8108.54,13978.84,25362.74,11383.900000000001
HR,2022-02-01,16021.61,12365.13,79770.14,67405.01
R&D,2022-09-01,41023.83,37096.13,60559.75,23463.620000000003
Sales,2022-10-01,8674.66,28610.81,25473.28,-3137.5300000000025
Operations,2021-07-01,,14118.47,28591.61,14473.140000000001
Sales,2021-08-01,49118.36,27375.64,98979.14,71603.5
R&D,2022-08-01,10633.4,56636.29,78146.01,21509.719999999994
HR,2022-09-01,31147.09,58621.32,41973.13,-16648.190000000002
Sales,2022-06-01,30357.97,19152.54,40741.09,21588.549999999996
R&D,2021-02-01,15655.0,10503.08,5358.69,-5144.39
Marketing,2022-12-01,43511.65,36193.58,,-32773.770000000004
IT,2021-09-01,42581.99,20061.94,83991.61,63929.67
Operations,2021-06-01,17569.18,,95545.56,44020.1
Sales,2022-11-01,29412.49,10071.4,89304.87,79233.47
IT,2021-07-01,37946.35,20684.32,51760.12,31075.800000000003
Operations,2021-02-01,29044.37,5291.28,55115.04,49823.76
Sales,2022-06-01,33857.01,50853.74,78867.58,28013.840000000004
IT,2022-12-01,6591.34,49648.27,40070.85,-9577.419999999998
Marketing,2022-01-01,30155.21,33857.52,53016.88,19159.36
HR,2022-11-01,11443.58,6163.74,,93426.29999999999
R&D,2021-07-01,13519.84,55173.48,26041.63,-29131.850000000002
Sales,2021-09-01,21041.5,22687.56,80136.04,57448.479999999996
HR,2021-08-01,7833.28,31448.89,35511.43,4062.540000000001
Marketing,2022-07-01,28119.81,10941.9,51944.5,41002.6
IT,2022-08-01,7107.56,59643.09,42793.08,-16850.009999999995
Marketing,2022-01-01,43563.14,6978.73,4189.67,-2789.0599999999995
Operations,2021-09-01,30908.94,47210.77,11612.69,-35598.079999999994
Marketing,2021-06-01,21512.82,41062.94,22464.16,-18598.780000000002
IT,2022-03-01,12791.09,21375.54,6957.15,-14418.390000000001
IT,2022-01-01,38643.03,37829.66,11618.28,-26211.380000000005
Operations,2021-02-01,30625.48,5269.76,57297.09,52027.329999999994
R&D,2022-06-01,23943.74,49750.19,35663.43,-14086.760000000002
Marketing,2022-05-01,,20468.06,47067.23,26599.170000000002
Marketing,2021-02-01,22380.96,37314.8,31100.8,-6214.000000000004
Marketing,2021-07-01,29696.01,3066.53,85169.62,82103.09
R&D,2022-08-01,29812.45,57327.81,18333.31,-38994.5
Operations,2022-08-01,13080.0,23218.61,,-21611.96
Sales,2021-09-01,9001.09,35972.72,16214.22,-19758.5
HR,2022-04-01,,58833.32,,5339.029999999999
Marketing,2022-06-01,35490.7,12030.84,56049.11,44018.270000000004
Marketing,2021-07-01,42796.58,54916.25,6962.03,-47954.22
R&D,2021-02-01,30870.27,32788.56,82478.07,49689.51000000001
R&D,2021-10-01,38077.78,54935.59,1911.58,-53024.009999999995
Sales,2021-06-01,30448.17,35497.53,85276.81,49779.28
HR,2022-10-01,37217.28,6939.74,29795.0,22855.260000000002
Operations,2021-01-01,25181.35,23553.96,69429.24,45875.280000000006
IT,2021-02-01,40659.79,33513.21,70788.96,37275.75000000001
Operations,2022-05-01,42592.19,26066.89,96269.39,70202.5
Operations,2021-07-01,43164.54,16480.16,13410.75,-3069.41
Operations,2021-08-01,11353.62,10074.95,93539.21,83464.26000000001
HR,2022-05-01,27139.39,41103.17,79088.45,37985.28
IT,2022-05-01,48672.75,27910.13,57445.16,29535.030000000002
R&D,2022-03-01,38735.29,8834.51,34974.52,26140.009999999995
IT,2021-05-01,24583.17,25284.89,19114.74,-6170.149999999998
IT,2021-12-01,46897.65,48196.33,9448.26,-38748.07
Marketing,2022-12-01,18182.75,17230.41,77030.92,59800.509999999995
Marketing,2022-06-01,29073.59,7834.78,15198.47,7363.69
Operations,2022-02-01,17190.37,23176.47,14425.27,-8751.2
Marketing,2021-09-01,28912.65,21678.4,67725.55,46047.15
R&D,2021-05-01,17785.3,7150.21,31042.19,23891.98
IT,2022-06-01,18584.82,39367.16,75629.35,36262.19
R&D,2021-05-01,8973.13,12346.31,93230.81,80884.5
Sales,2021-07-01,21838.59,23259.89,55163.41,31903.520000000004
HR,2022-02-01,,9910.1,88469.53,78559.43
Marketing,2021-12-01,,48008.95,98157.89,50148.94
Marketing,2022-11-01,37924.66,17996.28,42601.25,24604.97
R&D,2021-07-01,37888.45,12453.44,33001.54,20548.1
Sales,2022-08-01,49210.39,13266.91,69541.29,56274.37999999999
Sales,2021-03-01,20007.14,49679.86,80724.45,31044.589999999997
HR,2021-12-01,25574.96,42065.84,46236.94,4171.100000000006
Sales,2022-06-01,27196.66,45412.85,26506.5,-18906.35
R&D,2022-05-01,,48352.61,16677.42,-31675.190000000002
IT,2021-03-01,15401.55,36159.68,6150.77,-30008.91
Sales,2021-09-01,30309.51,15562.75,24284.33,8721.580000000002
IT,2022-07-01,30549.79,22843.36,82490.63,59647.270000000004
Sales,2021-02-01,20901.13,9706.38,91967.77,82261.39
Marketing,2022-04-01,37486.72,50519.58,87763.88,37244.3
Operations,2021-07-01,,25168.58,75171.07,50002.490000000005
HR,2021-05-01,,,50472.48,13396.720000000001
R&D,2021-04-01,40419.06,53988.79,75447.63,21458.840000000004
Sales,2021-09-01,29457.06,5888.68,38024.21,32135.53
Operations,2021-07-01,45191.08,59292.32,51753.98,-7538.3399999999965
Marketing,2022-08-01,33002.35,43970.01,66849.74,22879.730000000003
Sales,2022-03-01,5630.54,59309.81,45620.54,-13689.269999999997
R&D,2022-10-01,32392.49,55354.77,44017.74,-11337.029999999999
IT,2022-05-01,11695.05,59947.09,75973.59,16026.5
Sales,2021-07-01,8011.04,4062.3,5698.24,1635.9399999999996
R&D,2022-06-01,47170.35,14038.53,99324.46,85285.93000000001
Operations,2022-06-01,23586.5,32992.06,7263.75,-25728.309999999998
Marketing,2022-10-01,25780.37,52979.11,54937.7,1958.5899999999965
Operations,2022-07-01,11820.0,16454.95,92950.13,76495.18000000001
HR,2022-10-01,24108.0,12373.65,18718.39,6344.74
Operations,2022-10-01,19491.62,55597.98,2805.96,-52792.020000000004
Sales,2022-10-01,22420.88,19362.67,25805.68,6443.010000000002
Operations,2021-01-01,10617.15,51834.27,67793.75,15959.480000000003
HR,2022-05-01,8504.01,37085.86,10795.63,-26290.230000000003
Marketing,2022-03-01,48343.73,22688.59,50602.22,27913.63
IT,2022-11-01,20996.65,,2006.89,-51396.85
R&D,2021-09-01,43234.1,44487.86,62967.52,18479.659999999996
Operations,2022-08-01,39005.01,51952.52,99695.68,47743.159999999996
Sales,2022-04-01,22359.2,32698.2,34110.67,1412.4699999999975
Marketing,2021-11-01,17137.19,43014.78,9296.15,-33718.63
HR,2022-09-01,12727.44,10901.69,55003.75,44102.06
Marketing,2021-05-01,,19402.52,20418.15,1015.630000000001
Operations,2022-01-01,,4555.33,15062.51,10507.18
Operations,2022-06-01,27673.49,25829.03,30240.63,4411.600000000002
Operations,2021-03-01,31170.15,49942.12,3803.34,-46138.78
Operations,2022-04-01,9488.72,4151.54,49668.11,45516.57
Marketing,2021-11-01,27980.32,30492.33,12515.47,-17976.86
Sales,2021-06-01,8655.8,48390.8,8210.21,-40180.590000000004
IT,2022-09-01,14928.88,4144.91,75858.22,71713.31
R&D,2021-04-01,15243.02,56344.8,63865.66,7520.860000000001
Operations,2022-04-01,23706.57,57267.06,58386.41,1119.3500000000058
Marketing,2021-07-01,45283.26,52943.47,,27959.559999999998
IT,2022-11-01,42401.53,54832.18,47270.02,-7562.1600000000035
Marketing,2021-06-01,28315.65,8932.89,22824.13,13891.240000000002
Sales,2021-11-01,18297.21,8289.02,54336.53,46047.509999999995
Sales,2022-09-01,38558.22,54458.42,70399.74,15941.320000000007
Operations,2021-10-01,18815.5,55806.05,75644.34,19838.289999999994
Marketing,2021-03-01,32786.27,52400.53,46350.97,-6049.559999999998
Operations,2022-11-01,6498.69,25824.59,12294.94,-13529.65
Operations,2022-09-01,18459.89,36102.65,43568.66,7466.010000000002
IT,2021-09-01,11572.28,45006.58,41572.04,-3434.540000000001
Sales,2021-07-01,13768.92,57437.25,21611.04,-35826.21
Marketing,2022-11-01,16369.09,14752.24,79632.38,64880.14000000001
IT,2022-12-01,44578.95,34597.67,95955.0,61357.33
Operations,2022-01-01,22311.95,20909.72,25238.9,4329.18
Marketing,2022-07-01,9138.66,47392.25,73067.55,25675.300000000003
Marketing,2021-07-01,6665.43,40407.09,6633.0,-33774.09
Operations,2021-08-01,5565.64,39343.39,3347.83,-35995.56
IT,2021-07-01,27355.58,17950.96,65467.43,47516.47
Operations,2022-10-01,29964.99,16497.48,85509.49,69012.01000000001
Operations,2022-02-01,,56303.72,68416.21,12112.490000000005
IT,2021-11-01,34944.34,14559.1,92366.09,77806.98999999999
R&D,2021-10-01,,46893.47,51496.54,4603.07
Marketing,2022-12-01,8018.77,30266.3,54916.04,24649.74
R&D,2022-12-01,39923.36,51869.51,17907.45,-33962.06
HR,2021-07-01,19752.89,6766.49,55906.68,49140.19
Sales,2021-07-01,46092.61,41922.4,44693.32,2770.9199999999983
Operations,2022-09-01,16065.21,12769.74,46426.8,33657.060000000005
HR,2021-08-01,13207.18,7905.75,86854.94,78949.19
Operations,2021-12-01,40066.97,30294.63,,37704.759999999995
Operations,2021-07-01,6355.44,8889.97,72636.43,63746.45999999999
HR,2022-08-01,8399.2,54632.4,84833.82,30201.420000000006
IT,2022-08-01,17716.92,12704.65,95072.43,82367.78
Sales,2022-12-01,42183.28,57409.43,47193.6,-10215.830000000002
Operations,2022-05-01,13627.67,5042.16,27790.39,22748.23
IT,2022-05-01,38609.39,55160.36,81015.84,25855.479999999996
Operations,2022-12-01,39022.42,20228.01,28155.76,7927.75
Marketing,2021-12-01,46696.37,15080.81,33616.72,18535.910000000003
HR,2022-07-01,12450.27,26140.13,26153.8,13.669999999998254
Operations,2021-03-01,24040.93,45695.93,5448.08,-40247.85
HR,2021-03-01,40469.14,51195.45,67629.77,16434.320000000007
Operations,2021-08-01,7525.38,14387.06,,53456.729999999996
HR,2022-01-01,12430.37,26734.49,41030.25,14295.759999999998
R&D,2021-07-01,24303.03,40535.67,74848.65,34312.979999999996
IT,2021-11-01,24653.33,47641.67,31004.9,-16636.769999999997
IT,2021-08-01,16744.2,53620.36,50626.25,-2994.1100000000006
,,,,,
Operations,2021-11-01,27148.92,31255.66,52040.46,20784.8
Sales,2021-10-01,12424.05,6191.63,44256.68,38065.05
IT,2022-03-01,23128.88,46779.55,58138.08,11358.529999999999
Sales,2022-12-01,26578.0,50925.31,15055.13,-35870.18
Operations,2022-06-01,42295.16,11074.95,85556.69,74481.74
Marketing,2022-10-01,5903.86,51168.76,10093.07,-41075.69
HR,2022-11-01,47554.37,24209.31,46282.92,22073.609999999997
Marketing,2021-11-01,48335.48,32742.82,61521.79,28778.97
Marketing,2021-01-01,24946.68,3838.96,92186.66,88347.7
HR,2021-06-01,33188.65,58103.63,85222.76,27119.129999999997
IT,2022-12-01,17471.62,13788.01,56539.28,42751.27
R&D,2022-04-01,26017.47,19385.68,17308.18,-2077.5
,,,,,
R&D,2022-06-01,11590.1,9589.48,31067.37,21477.89
Operations,2021-08-01,14910.8,47099.44,46616.08,-483.3600000000006
R&D,2021-06-01,18080.84,49442.06,76040.89,26598.83
Marketing,2022-09-01,19137.37,6430.3,35455.04,29024.74
Operations,2021-01-01,48778.79,41950.13,30179.36,-11770.769999999997
R&D,2021-06-01,24583.09,12907.41,43017.17,30109.76
HR,2022-02-01,11920.29,20740.38,98051.2,77310.81999999999
IT,2022-06-01,32483.74,51351.68,14532.33,-36819.35
Sales,2021-11-01,41381.34,38697.62,33875.23,-4822.389999999999
Sales,2022-01-01,42258.16,30594.35,22829.38,-7764.9699999999975
R&D,2022-05-01,22495.34,38661.56,11902.87,-26758.689999999995
R&D,2022-11-01,17181.94,25557.18,14529.58,-11027.6
Operations,2021-09-01,20611.45,51644.6,99041.77,47397.170000000006
IT,2022-10-01,24244.48,49085.6,44458.85,-4626.75
IT,2021-05-01,46086.02,,97639.39,71646.65
IT,2021-11-01,20168.3,26454.19,59162.03,32707.84
Marketing,2021-11-01,16433.19,38961.24,65654.79,26693.549999999996
Marketing,2022-03-01,23505.86,5439.56,,7744.21
IT,2022-03-01,13322.58,14673.21,24292.48,9619.27
Operations,2021-11-01,14390.43,9525.48,45425.75,35900.270000000004
Sales,2021-12-01,23533.16,6340.7,33136.88,26796.179999999997
Marketing,2022-02-01,34558.12,35398.65,67063.26,31664.609999999993
Operations,2021-04-01,15519.54,34664.59,75746.5,41081.91
Marketing,2021-10-01,14077.99,35959.55,40025.61,4066.0599999999977
HR,2022-09-01,48398.75,46616.36,62936.81,16320.449999999997
Sales,2021-02-01,17297.52,40931.66,94281.18,53349.51999999999
Sales,2021-07-01,26316.22,20133.77,63819.84,43686.06999999999
Sales,2022-02-01,24225.77,33964.76,98290.87,64326.10999999999
Sales,2021-09-01,36896.09,42662.53,91110.06,48447.53
Sales,2022-06-01,34246.79,52699.31,,-12799.559999999998
IT,2021-09-01,29731.75,,93623.97,78761.41
HR,2021-07-01,17199.48,30116.41,29634.13,-482.27999999999884
Marketing,2022-07-01,16511.0,49084.7,26398.71,-22685.989999999998
Operations,2021-10-01,47197.49,48865.94,,30859.48999999999
R&D,2022-12-01,23790.72,26911.5,9271.57,-17639.93
Operations,2021-08-01,,57670.33,11665.28,-46005.05
Operations,2022-07-01,,41241.25,86669.29,45428.03999999999
Operations,2021-07-01,34527.14,43275.47,97118.17,53842.7
HR,2021-08-01,7297.42,56278.48,23351.42,-32927.060000000005
Sales,2022-04-01,7060.87,7732.93,15646.89,7913.959999999999
Marketing,2022-09-01,44561.06,16653.3,32493.42,15840.119999999999
R&D,2022-10-01,31598.03,32470.59,83294.45,50823.86
Marketing,2022-02-01,31234.45,44991.74,11805.9,-33185.84
Sales,2022-03-01,49551.02,29024.32,29342.09,317.77000000000044
HR,2022-08-01,16332.39,47221.34,72694.76,25473.42
R&D,2022-06-01,45909.19,4536.02,70262.03,65726.01
Sales,2022-09-01,26307.3,7342.24,73832.03,66489.79
IT,2021-07-01,13499.08,,37918.38,-9713.54
R&D,2022-02-01,43779.18,7158.39,11102.77,3944.38
Sales,2021-12-01,40391.21,13286.4,13456.07,169.67000000000007
HR,2022-03-01,39144.36,13102.37,86577.81,73475.44
HR,2022-06-01,48313.92,8111.58,93915.71,85804.13
Operations,2021-04-01,47656.93,18264.73,97836.97,79572.24
Operations,2022-02-01,41886.95,32502.37,8367.4,-24134.97
Marketing,2022-10-01,40036.59,,47922.48,487.90000000000146
Operations,2021-03-01,15062.4,4208.86,26532.01,22323.149999999998
R&D,2022-07-01,37074.17,44119.57,62219.76,18100.190000000002
HR,2021-07-01,16296.94,8320.74,94512.61,86191.87
HR,2022-05-01,32370.24,12511.43,27145.7,14634.27
IT,2021-03-01,43485.58,46410.85,15968.61,-30442.239999999998
HR,2021-10-01,29050.83,29013.39,5080.62,-23932.77
HR,2022-12-01,37573.4,44178.99,51539.28,7360.290000000001
HR,2022-08-01,48712.7,32651.26,71847.56,39196.3
Sales,2021-12-01,47982.58,50496.53,12099.24,-38397.29
Operations,2021-07-01,5504.27,8851.89,42541.53,33689.64
Sales,2022-12-01,41423.98,53174.66,,-25351.750000000004
,,,,,
R&D,2022-12-01,15822.34,11979.31,44872.57,32893.26
IT,2021-07-01,,25165.74,88679.89,63514.149999999994
R&D,2021-10-01,24816.59,20001.56,20623.3,621.739999999998
HR,2021-08-01,27137.51,22429.68,37798.8,15369.120000000003
Operations,2021-05-01,5016.9,20672.75,89705.55,69032.8
IT,2022-05-01,44001.49,5131.13,49837.38,44706.25
IT,2022-12-01,28860.93,46668.02,91939.0,45270.98
IT,2021-07-01,44618.81,12293.48,53660.71,41367.229999999996
Operations,2022-03-01,6559.12,18472.11,56131.51,37659.4
Operations,2022-11-01,21559.61,19047.52,86026.77,66979.25
Marketing,2022-03-01,24897.02,22662.21,50051.85,27389.64
Sales,2022-12-01,20371.16,46257.42,13010.81,-33246.61
Marketing,2022-01-01,16392.96,13023.32,71216.61,58193.29
Marketing,2022-09-01,19345.43,56705.2,38901.81,-17803.39
HR,2022-01-01,47999.11,56794.44,68353.57,11559.130000000005
Sales,2022-08-01,48375.03,28390.68,69792.28,41401.6
HR,2021-08-01,42099.34,47465.59,24696.21,-22769.379999999997
R&D,2021-09-01,26783.25,22245.73,18251.69,-3994.040000000001
HR,2021-07-01,40253.4,24791.08,,-908.1100000000006
IT,2022-08-01,28573.16,49319.13,56557.81,7238.68
Marketing,2022-11-01,,3120.13,76195.8,73075.67
Operations,2021-12-01,44055.33,28227.58,48660.24,20432.659999999996
Marketing,2022-11-01,23963.69,32579.71,69677.36,37097.65
Marketing,2022-09-01,14033.57,54630.37,14685.66,-39944.71000000001
IT,2022-06-01,26223.7,44717.58,51349.61,6632.029999999999
Marketing,2021-08-01,44104.57,42804.68,17225.48,-25579.2
HR,2022-03-01,28809.57,32473.49,73633.94,41160.45
IT,2021-12-01,36714.34,34302.83,57642.23,23339.4
Marketing,2022-10-01,,3052.88,39040.3,35987.420000000006
Operations,2022-05-01,42303.76,3293.52,,15124.11
HR,2022-03-01,30261.19,50015.67,67567.14,17551.47
Marketing,2022-10-01,23857.48,37904.98,62250.64,24345.659999999996
Sales,2021-07-01,33707.88,7039.35,62878.51,55839.16
HR,2022-09-01,18469.71,27012.7,29537.91,2525.209999999999
Marketing,2021-06-01,,55380.19,94923.73,39543.53999999999
Marketing,2021-05-01,13857.39,,49809.31,31448.129999999997
R&D,2022-07-01,23564.3,39380.64,92700.8,53320.16
R&D,2022-03-01,44480.24,,45798.84,36899.34
R&D,2021-10-01,16261.21,17157.67,16602.38,-555.2899999999972
HR,2022-12-01,,30232.39,92485.25,62252.86
Marketing,2021-01-01,48152.82,48730.16,71193.93,22463.76999999999
Sales,2021-01-01,38212.99,54123.08,27597.58,-26525.5
HR,2021-03-01,20881.21,8374.99,95016.66,86641.67
Marketing,2022-07-01,37522.61,5756.23,80639.3,74883.07
Operations,2022-08-01,39020.04,5715.13,38539.12,32823.990000000005
Sales,2021-01-01,9955.68,27246.32,2449.39,-24796.93
Sales,2022-04-01,42537.01,49762.72,6474.06,-43288.66
R&D,2021-05-01,33420.47,44141.15,21556.44,-22584.710000000003
IT,2022-05-01,27356.59,32963.54,12578.02,-20385.52
Operations,2022-11-01,29628.78,10104.42,93646.15,83541.73
Operations,2021-01-01,28898.44,5440.24,67192.24,61752.00000000001
Sales,2021-03-01,,,84806.55,74751.23000000001
IT,2021-05-01,7207.34,39902.74,86621.46,46718.72000000001
Sales,2022-12-01,47926.38,34111.76,10265.39,-23846.370000000003
IT,2021-06-01,46376.73,5466.96,72952.4,67485.43999999999
Operations,2021-01-01,21819.92,52330.9,35034.11,-17296.79
HR,2022-08-01,43515.93,50406.51,79902.71,29496.200000000004
Operations,2021-11-01,15602.65,35905.62,26547.62,-9358.000000000004
Sales,2021-12-01,21776.41,41879.95,67126.06,25246.11
R&D,2021-09-01,27015.3,6481.89,22738.01,16256.119999999999
Sales,2022-07-01,,7562.45,33938.83,26376.38
R&D,2021-10-01,18532.35,30507.13,22915.34,-7591.790000000001
HR,2021-04-01,18016.93,30621.37,4466.82,-26154.55
Operations,2021-08-01,15978.93,35106.0,77754.4,42648.399999999994
,,,,,
Sales,2021-05-01,27976.63,19918.86,28210.48,8291.619999999999
Marketing,2022-07-01,8129.71,54295.74,7051.87,-47243.869999999995
Operations,2022-09-01,39685.47,26406.22,2791.58,-23614.64
HR,2022-10-01,34150.58,7398.65,79816.76,72418.11
HR,2021-10-01,29911.78,56783.89,74680.42,17896.53
HR,2022-01-01,13532.66,3156.46,38154.09,34997.63
R&D,2022-04-01,8831.62,7093.72,54221.14,47127.42
Marketing,2021-09-01,46099.85,38489.83,8885.28,-29604.550000000003
R&D,2022-07-01,46867.32,8519.72,1611.26,-6908.459999999999
R&D,2022-07-01,11082.74,18375.58,18275.96,-99.62000000000262
Sales,2021-09-01,37514.96,13176.13,27747.4,14571.270000000002
R&D,2022-09-01,15157.75,,47102.94,23831.010000000002
R&D,2021-06-01,20487.75,,28476.93,-4659.75
R&D,2021-07-01,18492.96,47714.67,28985.61,-18729.059999999998
HR,2021-04-01,38902.33,27354.06,24348.47,-3005.59
Operations,2022-10-01,6036.23,40197.07,84375.8,44178.73
IT,2022-12-01,39854.79,46434.21,99642.3,53208.090000000004
IT,2021-11-01,37792.59,5342.58,10452.12,5109.540000000001
Marketing,2021-11-01,41013.99,48020.46,13894.88,-34125.58
IT,2022-07-01,46297.93,12499.47,71743.55,59244.08
IT,2022-10-01,25339.57,40538.84,64668.67,24129.83
IT,2021-11-01,17130.34,35107.36,,61605.0
Marketing,2022-12-01,34158.16,59546.56,91918.68,32372.119999999995
HR,2021-02-01,35355.42,43752.63,23915.08,-19837.549999999996
Sales,2022-10-01,42392.71,54685.46,97799.69,43114.23
Operations,2022-07-01,17415.74,55562.45,29233.23,-26329.219999999998
Marketing,2021-02-01,29181.74,37527.05,67425.5,29898.449999999997
Sales,2022-04-01,49722.01,22569.92,,72597.96
HR,2021-12-01,30835.89,,91657.21,59483.16
Operations,2022-10-01,45807.96,12804.31,28701.31,15897.000000000002
IT,2022-06-01,42267.72,13341.63,70913.35,57571.72000000001
Operations,2021-03-01,39008.55,19976.51,76127.91,56151.40000000001
Marketing,2021-08-01,43137.34,25243.56,60063.39,34819.83
Marketing,2022-03-01,46526.81,33942.19,21945.3,-11996.890000000003
IT,2021-11-01,38321.93,43771.1,98195.92,54424.82
Sales,2021-08-01,49278.28,37325.12,93624.98,56299.85999999999
IT,2021-05-01,30712.75,5392.22,97802.44,92410.22
HR,2022-11-01,7819.7,51503.25,68901.74,17398.490000000005
Marketing,2022-08-01,29673.46,36460.7,45036.89,8576.190000000002
IT,2022-11-01,34716.2,23401.89,39279.83,15877.940000000002
Operations,2022-07-01,38855.67,58198.23,,-774.510000000002
Operations,2021-09-01,11309.2,10352.32,46603.74,36251.42
Marketing,2022-06-01,13835.64,49918.03,91767.53,41849.5
Sales,2022-02-01,,,79072.33,34699.520000000004
IT,2022-06-01,44177.53,34605.96,94827.81,60221.85
Operations,2022-08-01,6116.18,37144.44,37022.56,-121.88000000000466
Operations,2021-06-01,19113.25,15237.14,54700.86,39463.72
HR,2021-12-01,42536.62,46603.0,73856.42,27253.42
HR,2021-11-01,28895.1,27794.3,83416.79,55622.48999999999
Marketing,2021-08-01,19942.8,47822.8,59778.87,11956.07
HR,2021-02-01,46286.35,20797.0,12100.81,-8696.19
IT,2022-10-01,24312.29,59750.6,34643.78,-25106.82
IT,2021-08-01,49116.38,9325.63,83651.4,74325.76999999999
R&D,2022-01-01,15020.26,45967.75,89767.77,43800.020000000004
Sales,2022-08-01,31949.71,28230.45,94733.78,66503.33
Sales,2022-09-01,11157.27,22098.66,46412.35,24313.69
Operations,2022-01-01,38871.8,54703.22,6629.2,-48074.020000000004
Sales,2021-02-01,39263.64,49752.16,43016.37,-6735.790000000001
HR,2022-03-01,43974.82,13029.87,48899.15,35869.28
IT,2022-10-01,48976.55,33154.24,76703.91,43549.670000000006
Sales,2022-09-01,11018.98,43713.02,27691.71,-16021.309999999998
HR,2021-07-01,18874.8,25786.6,76369.17,50582.57
Sales,2021-04-01,35474.64,14773.39,69742.05,54968.66
Marketing,2021-02-01,15594.18,34731.0,61382.32,26651.32
R&D,2021-10-01,13311.13,33633.82,39996.71,6362.889999999999
Sales,2022-10-01,15339.27,30179.96,4118.15,-26061.809999999998
R&D,2022-02-01,30734.87,25249.96,29476.68,4226.720000000001
Sales,2022-07-01,38123.08,,89309.56,33942.36
Operations,2021-03-01,15539.76,6913.51,8864.64,1951.1299999999992
Marketing,2022-03-01,30372.53,6883.63,58264.8,51381.170000000006
HR,2021-05-01,,49605.03,87208.9,37603.869999999995
Sales,2021-06-01,28479.62,35468.86,94440.69,58971.83
Sales,2021-03-01,28718.29,21292.0,24146.59,2854.59
Operations,2021-04-01,20980.52,5578.88,,72154.39
R&D,2021-01-01,47429.86,,59087.97,41881.09
Operations,2022-01-01,44254.68,21859.36,48157.11,26297.75
IT,2022-09-01,29655.35,42003.09,34810.08,-7193.009999999995
R&D,2022-02-01,47940.0,16670.62,56515.11,39844.490000000005
IT,2021-10-01,17357.19,22918.89,47225.75,24306.86
Operations,2022-09-01,17344.62,32240.17,19803.14,-12437.029999999999
Operations,2022-11-01,19115.86,44134.02,74540.19,30406.170000000006
Marketing,2021-01-01,29891.36,50438.36,62175.45,11737.089999999997
Operations,2021-06-01,35107.96,57766.98,14513.4,-43253.58
R&D,2022-02-01,31506.78,3404.76,31067.52,27662.760000000002
Sales,2021-09-01,45657.49,5621.2,17647.53,12026.329999999998
Sales,2021-12-01,18499.7,22590.77,42565.25,19974.48
IT,2022-11-01,,18986.62,12510.41,-6476.209999999999
Operations,2022-04-01,20576.87,4482.64,54411.55,49928.91
IT,2021-01-01,,46225.96,98315.41,52089.450000000004
R&D,2022-07-01,34554.47,50683.36,21734.56,-28948.8
Marketing,2022-03-01,47356.91,27872.1,9060.19,-18811.909999999996
R&D,2022-05-01,43898.03,6404.66,34542.64,28137.98
Sales,2021-09-01,46537.49,14578.47,44811.57,30233.1
Marketing,2022-02-01,16506.02,25043.66,25536.85,493.1899999999987
Operations,2021-11-01,19792.95,39045.1,71405.43,32360.329999999994
HR,2022-08-01,31333.13,18902.92,60514.31,41611.39
Marketing,2021-11-01,,51587.26,98212.38,46625.12
Operations,2021-07-01,24000.15,54268.55,60351.04,6082.489999999998
HR,2021-02-01,40986.81,31320.74,61492.0,30171.26
HR,2022-10-01,27197.09,17277.42,,53131.490000000005
IT,2022-05-01,40561.21,18714.24,20821.98,2107.739999999998
IT,2022-12-01,5792.22,36725.19,52463.96,15738.769999999997
IT,2021-08-01,42083.88,11551.78,51911.34,40359.56
HR,2022-08-01,24479.47,42817.31,49558.73,6741.4200000000055
Marketing,2022-07-01,31000.53,29318.04,15401.28,-13916.76
Sales,2021-01-01,34601.62,19152.81,,2526.6399999999994
IT,2022-10-01,26609.78,41140.15,47100.68,5960.529999999999
HR,2021-03-01,13147.18,37191.02,36864.15,-326.86999999999534
Sales,2021-09-01,20122.03,27285.17,80211.5,52926.33
HR,2022-03-01,37189.61,45048.18,40343.3,-4704.879999999997
Marketing,2022-02-01,9450.52,32542.33,35460.12,2917.790000000001
R&D,2022-09-01,43858.92,39699.31,,40116.94
Sales,2022-10-01,28390.6,,17860.55,-15112.619999999999
Marketing,2021-06-01,46884.48,43443.27,,22369.6
HR,2021-05-01,19129.42,14789.96,44731.37,29941.410000000003
IT,2022-05-01,26068.57,8536.38,74127.51,65591.12999999999
Marketing,2022-02-01,40946.8,,55933.57,-1015.760000000002
HR,2022-07-01,11124.83,46227.8,99647.21,53419.41
IT,2022-08-01,33340.27,55708.97,52789.17,-2919.800000000003
Marketing,2021-07-01,31577.89,,57206.72,15547.090000000004
HR,2022-06-01,18873.94,32475.84,77708.42,45232.58
IT,2022-09-01,,12830.29,53787.71,40957.42
Sales,2021-07-01,49121.62,35508.59,80184.07,44675.48000000001
Marketing,2022-12-01,39322.2,,46277.27,22515.749999999996
Sales,2022-03-01,24852.15,25532.16,7473.54,-18058.62
HR,2022-04-01,43606.72,34279.22,38678.14,4398.919999999998
R&D,2022-06-01,47293.14,49158.08,98122.89,48964.81
Operations,2022-04-01,20719.27,55361.91,38633.21,-16728.700000000004
Marketing,2021-11-01,14195.56,,10162.81,-31474.33
Marketing,2022-06-01,48100.61,25583.07,76157.77,50574.700000000004
R&D,2021-12-01,7111.72,52841.51,94716.76,41875.24999999999
HR,2022-10-01,7055.7,24776.82,44677.05,19900.230000000003
R&D,2021-01-01,46288.6,59234.47,,21750.600000000006
R&D,2021-09-01,18094.29,20288.77,66640.61,46351.84
Marketing,2022-02-01,12135.02,19719.51,9254.46,-10465.05
HR,2022-11-01,13017.2,42889.07,27993.68,-14895.39
R&D,2022-01-01,16115.75,33661.54,70554.82,36893.280000000006
Marketing,2021-06-01,20274.85,42743.83,37191.63,-5552.200000000004
HR,2021-08-01,10472.49,45166.87,24100.8,-21066.070000000003
Sales,2022-10-01,24496.3,16639.95,,19391.31
Marketing,2021-05-01,36599.95,14344.02,50948.13,36604.11
HR,2022-05-01,48367.77,40025.94,42800.16,2774.220000000001
Operations,2022-04-01,8668.86,33696.43,71340.69,37644.26
Marketing,2022-02-01,,49830.89,28562.55,-21268.34
Marketing,2021-01-01,44620.57,,1053.01,-20645.11
Operations,2021-01-01,33984.83,51386.99,84926.43,33539.439999999995
Operations,2022-07-01,8000.65,55575.96,39997.19,-15578.769999999997
IT,2021-06-01,44977.87,53733.81,9871.66,-43862.149999999994
Operations,2021-11-01,8945.81,,47896.3,2846.4100000000035
Operations,2022-10-01,23604.93,17455.51,32379.75,14924.240000000002
Operations,2021-03-01,19657.28,27153.97,,-9557.29
Sales,2021-11-01,13107.97,19240.78,51991.48,32750.700000000004
HR,2021-12-01,13550.55,34193.47,61844.22,27650.75
Operations,2021-11-01,19056.09,9036.42,59876.55,50840.130000000005
R&D,2022-06-01,42615.91,15752.17,43054.08,27301.910000000003
Operations,2021-11-01,28708.18,,50452.7,-8932.29
Operations,2022-08-01,30850.06,50378.42,66190.08,15811.660000000003
HR,2022-02-01,14279.97,40718.4,80786.28,40067.88
HR,2021-04-01,35377.91,33297.55,,32483.839999999997
HR,2022-08-01,,50073.99,51304.21,1230.2200000000012
R&D,2021-07-01,13089.23,40472.78,20743.98,-19728.8
R&D,2021-01-01,39708.96,24720.96,16044.39,-8676.57
IT,2021-12-01,12815.48,18440.03,18997.4,557.3700000000026
Sales,2022-03-01,10719.66,30566.69,46803.41,16236.720000000005
HR,2022-04-01,8036.09,21374.41,11552.45,-9821.96
Operations,2021-01-01,9198.47,46459.14,9635.84,-36823.3
Marketing,2021-04-01,26938.26,36230.99,24408.32,-11822.669999999998
IT,2022-10-01,31153.52,57558.74,96854.45,39295.71
Operations,2021-03-01,20353.55,16635.03,29558.35,12923.32
IT,2022-10-01,14031.95,47505.84,53326.1,5820.260000000002
R&D,2021-01-01,22426.15,13224.5,22780.45,9555.95
HR,2022-10-01,48355.38,25104.01,58404.23,33300.22
IT,2021-09-01,12049.8,54456.54,62676.97,8220.43
IT,2022-01-01,16479.55,12840.67,35020.56,22179.89
IT,2022-11-01,12108.93,16644.63,12224.19,-4420.4400000000005
Marketing,2021-10-01,46038.39,42845.35,39123.06,-3722.290000000001
Sales,2021-10-01,48356.94,43942.41,,-17981.370000000003
HR,2021-02-01,23582.09,34741.7,76421.17,41679.47
IT,2021-11-01,45450.3,42048.97,76327.3,34278.33
IT,2022-08-01,18999.6,31856.96,18126.41,-13730.55
HR,2021-08-01,41244.88,41775.78,85658.27,43882.490000000005
HR,2021-10-01,30440.16,29668.58,36108.94,6440.360000000001
HR,2021-01-01,45039.06,13950.2,65858.33,51908.130000000005
HR,2022-04-01,5835.39,9958.27,96035.02,86076.75
Marketing,2022-04-01,14167.34,30923.71,31863.43,939.7200000000012
HR,2022-02-01,14095.36,35243.39,83302.47,48059.08
Operations,2021-08-01,42314.55,13260.15,39603.58,26343.43
HR,2022-09-01,20320.84,32902.14,8478.44,-24423.699999999997
Marketing,2021-04-01,12684.15,10797.08,84651.37,73854.29
IT,2022-03-01,9542.62,19842.74,81594.13,61751.39
Operations,2021-11-01,33602.88,3243.58,94709.52,91465.94
IT,2022-02-01,23322.01,50240.99,75805.18,25564.189999999995
Marketing,2022-11-01,8442.93,8529.01,64038.71,55509.7
R&D,2021-08-01,11416.47,22904.1,21499.82,-1404.2799999999988
Sales,2022-05-01,22943.35,,97587.06,68022.51
Sales,2022-02-01,28718.05,33866.36,96193.64,62327.28
IT,2022-07-01,35325.47,16139.32,20832.24,4692.920000000002
HR,2022-04-01,42349.68,15056.06,36299.34,21243.28
Operations,2021-12-01,27452.32,20874.42,37032.17,16157.75
Marketing,2021-02-01,30382.1,4097.53,45944.34,41846.81
IT,2022-11-01,22314.12,11970.53,15795.31,3824.779999999999
Sales,2022-08-01,,36725.36,16272.76,-20452.6
HR,2022-10-01,30007.61,56788.27,35873.18,-20915.089999999997
Marketing,2021-02-01,33553.29,8808.29,20555.18,11746.89
Operations,2022-03-01,44976.27,15878.66,80410.75,64532.09
Operations,2021-07-01,45001.25,51930.48,16638.88,-35291.600000000006
R&D,2021-08-01,6733.31,27758.0,39939.67,12181.669999999998
Marketing,2022-11-01,39620.77,30240.57,78903.24,48662.670000000006
HR,2022-10-01,14171.89,3616.73,64903.54,61286.81
,,,,,
IT,2022-11-01,12693.88,52254.44,97828.3,45573.86
Sales,2021-03-01,36405.39,29758.7,37726.06,7967.359999999997
Marketing,2022-04-01,41653.71,39450.62,51837.07,12386.449999999997
Marketing,2022-12-01,35120.34,34636.75,50404.21,15767.46
IT,2021-02-01,27201.63,27726.23,13007.62,-14718.609999999999
Operations,2022-01-01,38934.54,,32392.24,-18334.52
Marketing,2021-12-01,47650.34,24708.1,50446.67,25738.57
Sales,2021-06-01,45326.25,18331.63,59906.78,41575.149999999994
HR,2022-03-01,28219.31,5261.89,84739.19,79477.3
R&D,2022-12-01,39743.49,27134.34,31299.93,4165.59
HR,2021-12-01,31232.66,21642.86,48673.92,27031.059999999998
HR,2021-05-01,12945.16,49329.68,68739.05,19409.370000000003
IT,2021-11-01,14409.39,20293.24,34990.79,14697.55
R&D,2021-01-01,37136.17,52373.86,68235.71,15861.850000000006
Marketing,2022-03-01,37037.57,38912.53,80095.85,41183.32000000001
HR,2022-03-01,31829.97,19461.22,25824.51,6363.289999999997
Marketing,2021-08-01,15312.48,41012.27,63369.08,22356.810000000005
Sales,2022-01-01,49937.97,38036.9,51873.7,13836.799999999996
IT,2021-11-01,48979.37,54130.13,,-13117.559999999998
HR,2022-09-01,20556.52,12690.23,20087.53,7397.299999999999
Sales,2021-09-01,,43198.5,4753.45,-38445.05
Marketing,2022-08-01,40922.77,46153.27,63026.58,16873.310000000005
Marketing,2022-08-01,23351.89,6995.4,52403.73,45408.33
HR,2021-08-01,7553.54,58071.1,99469.31,41398.21
R&D,2022-02-01,27277.9,5629.24,55982.73,50353.490000000005
Marketing,2021-11-01,26364.99,7191.82,39496.14,32304.32
R&D,2021-06-01,28277.15,25731.86,48134.27,22402.409999999996
HR,2022-02-01,25094.4,17420.34,62067.53,44647.19
HR,2021-03-01,,17195.34,88189.94,70994.6
HR,2021-04-01,36155.72,13386.88,17931.37,4544.49
IT,2022-01-01,21912.41,43579.93,37756.16,-5823.769999999997
IT,2021-03-01,19810.01,45251.51,41353.63,-3897.8800000000047
Sales,2021-07-01,41308.28,39314.68,86644.6,47329.920000000006
IT,2021-02-01,41137.98,8916.58,16722.3,7805.719999999999
HR,2021-11-01,38941.11,,80546.25,24773.9
Sales,2021-08-01,18000.48,34970.19,,10966.82
IT,2022-12-01,20896.29,54360.4,34481.49,-19878.910000000003
Marketing,2022-11-01,9300.72,9325.19,46457.98,37132.79
Operations,2021-09-01,15941.61,45017.45,73950.48,28933.03
Marketing,2022-09-01,29154.29,50372.96,25108.97,-25263.989999999998
Marketing,2022-06-01,44598.74,55440.69,19564.29,-35876.4
IT,2022-10-01,6414.96,18000.02,52350.3,34350.28
HR,2021-05-01,12202.14,53016.21,52844.72,-171.48999999999796
Marketing,2022-07-01,37118.95,,24200.59,-20516.929999999997
Operations,2022-08-01,29710.9,54321.59,37177.38,-17144.21
HR,2022-02-01,38669.63,8852.29,86440.86,77588.57
,,,,,
R&D,2021-10-01,44148.81,54853.79,28572.17,-26281.620000000003
Operations,2022-04-01,31603.24,13710.0,71514.95,57804.95
R&D,2021-07-01,18930.99,9096.37,42372.29,33275.92
Operations,2021-11-01,47477.36,12414.49,1851.63,-10562.86
IT,2021-11-01,19550.41,37772.89,79589.04,41816.149999999994
HR,2021-10-01,10633.88,46948.41,81611.22,34662.81
Sales,2022-06-01,17612.46,48698.09,13606.49,-35091.6
HR,2021-11-01,33202.69,20760.02,11609.34,-9150.68
R&D,2022-07-01,19728.95,38216.59,11407.96,-26808.629999999997
Marketing,2021-03-01,33755.53,35873.97,6638.81,-29235.16
HR,2022-06-01,28897.77,59610.8,72594.03,12983.229999999996
Operations,2022-08-01,28580.83,55199.89,25845.8,-29354.09
Marketing,2022-08-01,14737.96,24849.82,67006.72,42156.9
Operations,2022-07-01,27500.05,21285.32,55219.23,33933.91
Marketing,2021-04-01,18345.62,15058.47,54645.22,39586.75
Marketing,2021-06-01,29096.75,15636.73,44150.22,28513.49
Sales,2022-08-01,33452.01,55226.55,4397.93,-50828.62
IT,2022-09-01,15069.19,20612.86,6668.61,-13944.25
Operations,2022-10-01,39824.62,13193.87,91879.7,78685.83
R&D,2022-01-01,20635.19,21364.52,7767.72,-13596.8
HR,2021-10-01,12086.54,20486.48,94463.55,73977.07
Operations,2022-10-01,20675.35,15636.68,19660.0,4023.3199999999997
HR,2021-02-01,35891.93,25672.95,55762.5,30089.55
Marketing,2022-12-01,13923.45,29074.83,44582.18,15507.349999999999
Marketing,2022-03-01,41112.15,36394.64,18139.62,-18255.02
Operations,2022-10-01,43257.58,32364.03,55731.27,23367.239999999998
Sales,2022-10-01,45881.97,14443.49,,464.1800000000003
R&D,2022-06-01,34042.26,16238.38,11367.95,-4870.4299999999985
Operations,2021-12-01,34649.94,12345.38,1988.0,-10357.38
R&D,2022-03-01,31633.5,28102.97,,-6941.639999999999
IT,2021-11-01,30152.74,6540.59,,12419.82
Sales,2022-12-01,46075.22,43871.63,61137.4,17265.770000000004
R&D,2021-08-01,18604.01,31561.46,53688.85,22127.39
Marketing,2022-11-01,46887.63,16737.99,10996.08,-5741.910000000002
R&D,2021-01-01,40400.37,22474.8,29976.55,7501.75
HR,2021-01-01,38034.28,18794.04,67666.2,48872.159999999996
Marketing,2022-11-01,37814.11,55435.74,31017.4,-24418.339999999997
Operations,2022-07-01,8975.73,7644.09,16295.41,8651.32
Operations,2021-05-01,47287.86,,48545.27,-4718.360000000001
Marketing,2021-03-01,49690.95,6116.34,19926.65,13810.310000000001
HR,2021-11-01,24006.83,,41462.14,9185.11
Operations,2021-08-01,30311.01,18705.98,24172.96,5466.98
IT,2022-12-01,15354.27,49605.37,96215.01,46609.63999999999
IT,2021-06-01,44230.87,24216.09,37782.64,13566.55
Marketing,2022-04-01,21572.89,12645.49,52568.37,39922.880000000005
IT,2022-02-01,29211.28,53365.75,,-2201.790000000001
R&D,2022-06-01,29179.44,12742.03,85678.76,72936.73
Operations,2021-08-01,32702.25,29650.43,10123.08,-19527.35
Sales,2022-11-01,23913.29,40287.86,27075.51,-13212.350000000002
IT,2022-01-01,22656.58,31649.53,3640.65,-28008.879999999997
Sales,2022-12-01,,13529.0,72194.52,58665.520000000004
Marketing,2022-04-01,37548.74,52684.94,4391.06,-48293.880000000005
Operations,2021-03-01,39774.8,37947.13,56407.45,18460.32
R&D,2021-04-01,7079.66,45427.39,95239.2,49811.81
Sales,2021-11-01,20054.56,15368.36,65555.17,50186.81
IT,2021-08-01,43602.53,58583.16,17593.53,-40989.630000000005
R&D,2021-05-01,7090.02,17215.89,33603.67,16387.78
IT,2022-10-01,10287.83,,65404.2,27146.699999999997
Operations,2022-02-01,,21032.95,1007.42,-20025.530000000002
IT,2022-08-01,8431.08,52395.25,81783.45,29388.199999999997
Marketing,2022-09-01,42198.7,8429.67,34554.2,26124.53
Marketing,2021-04-01,47280.13,58923.93,9588.68,-49335.25
Marketing,2021-04-01,31714.01,18747.77,77465.86,58718.09
IT,2021-01-01,18751.15,18054.66,95700.03,77645.37
Operations,2021-04-01,6015.22,,,5170.079999999998
HR,2021-05-01,37509.97,7161.04,87626.47,80465.43000000001
IT,2021-09-01,38439.59,20122.76,84783.01,64660.25
Marketing,2022-05-01,27262.52,37016.91,69429.02,32412.11
Sales,2022-01-01,24588.59,14870.85,87492.67,72621.81999999999
Marketing,2022-04-01,26048.95,42893.96,66722.97,23829.010000000002
IT,2021-04-01,33950.04,23075.87,39558.98,16483.110000000004
R&D,2022-04-01,32403.9,32168.25,70744.67,38576.42
R&D,2022-12-01,42308.69,5602.84,86895.6,81292.76000000001
HR,2022-03-01,33525.04,52827.98,25340.73,-27487.250000000004
R&D,2022-10-01,45412.69,,1593.33,-50815.43
Marketing,2021-07-01,15305.52,3833.5,1153.59,-2679.91
R&D,2021-10-01,47090.41,48960.84,58900.19,9939.350000000006
IT,2022-04-01,10739.63,39503.07,9035.77,-30467.3
Marketing,2022-03-01,,15193.63,23406.9,8213.270000000002
HR,2021-01-01,39738.17,59409.95,,-23563.839999999997
Operations,2022-04-01,25113.17,18283.62,37290.23,19006.610000000004
Operations,2021-01-01,34949.75,43819.6,89422.2,45602.6
HR,2022-04-01,13392.9,16602.34,47072.44,30470.100000000002
Sales,2022-12-01,36243.02,28108.71,41425.21,13316.5
Marketing,2022-09-01,13506.64,31808.54,56494.57,24686.03
Marketing,2021-10-01,33146.66,,40836.61,27067.66
Operations,2022-06-01,18485.36,37456.77,94494.87,57038.1
HR,2022-12-01,,20960.89,23815.8,2854.91
Operations,2021-10-01,9988.86,50512.53,94411.44,43898.91
R&D,2022-09-01,24721.69,6108.19,,730.9800000000005
IT,2022-01-01,36600.2,33579.52,21811.71,-11767.809999999998
R&D,2021-07-01,27737.86,15189.67,6570.88,-8618.79
HR,2022-03-01,14217.6,4568.13,45654.73,41086.600000000006
Marketing,2021-06-01,26539.97,4514.84,76922.41,72407.57
R&D,2021-08-01,43711.27,58343.29,34512.65,-23830.64
Marketing,2021-03-01,33636.49,31639.83,43478.12,11838.29
Sales,2021-07-01,31877.6,,47113.79,-240.62999999999738
Sales,2022-09-01,30324.36,8976.8,7123.92,-1852.8799999999992
R&D,2021-09-01,31113.4,44868.01,47254.72,2386.709999999999
HR,2022-11-01,24495.17,48720.6,5386.38,-43334.22
HR,2021-10-01,33100.28,4717.05,14538.73,9821.68
IT,2021-04-01,45627.06,36648.11,42780.16,6132.050000000003
R&D,2022-11-01,12692.04,30186.92,91905.42,61718.5
R&D,2022-05-01,36445.82,42132.77,26060.55,-16072.219999999998
HR,2022-10-01,49915.8,52025.88,76644.12,24618.239999999998
Operations,2021-09-01,21986.76,12873.87,54799.61,41925.74
R&D,2022-02-01,33112.08,37056.63,92042.84,54986.21
HR,2021-03-01,15819.88,,34543.47,28673.27
IT,2021-09-01,20955.22,54990.61,13702.33,-41288.28
IT,2021-01-01,43546.64,19408.13,85028.34,65620.20999999999
HR,2022-02-01,35620.8,38903.82,75339.61,36435.79
HR,2021-11-01,43932.78,20442.7,75027.39,54584.69
HR,2022-09-01,18724.39,50721.13,81695.4,30974.269999999997
Marketing,2022-02-01,48485.88,5438.87,52397.87,46959.0
Sales,2021-08-01,5699.11,46249.07,24866.31,-21382.76
R&D,2021-05-01,11454.15,59536.1,69594.61,10058.510000000002
Operations,2021-06-01,38107.64,30029.22,67040.68,37011.45999999999
HR,2021-01-01,36710.0,19408.83,94576.61,75167.78
Marketing,2021-09-01,42081.03,26486.86,56737.48,30250.620000000003
IT,2022-11-01,7010.92,6796.45,10959.23,4162.78
Sales,2022-08-01,25043.31,54079.58,90950.16,36870.58
Operations,2022-03-01,21809.9,3479.75,,95614.4
R&D,2022-11-01,41535.6,43325.82,21761.69,-21564.13
Operations,2021-07-01,28599.39,20073.44,34155.58,14082.140000000003
IT,2021-11-01,18981.64,11844.24,71212.66,59368.420000000006
Marketing,2022-02-01,44398.44,29025.92,40451.93,11426.010000000002
Sales,2022-09-01,43009.35,12315.36,50836.32,38520.96
Operations,2021-09-01,48147.85,45621.41,99529.35,53907.94
Marketing,2022-02-01,19909.57,25811.61,73393.38,47581.770000000004
Sales,2021-02-01,11629.81,51792.26,29354.72,-22437.54
Marketing,2021-02-01,34716.88,17299.63,18199.45,899.8199999999997
R&D,2022-12-01,46697.66,3741.35,68255.95,64514.6
Sales,2022-05-01,21789.56,28996.17,1672.68,-27323.489999999998
HR,2021-08-01,29257.32,17687.2,49569.82,31882.62
IT,2022-04-01,28835.5,39404.71,29484.57,-9920.14
Operations,2022-08-01,12550.19,38900.96,54555.77,15654.809999999998
Marketing,2022-08-01,9969.13,33508.72,79913.63,46404.91
Marketing,2021-02-01,25022.93,44466.96,56845.74,12378.779999999999
R&D,2022-09-01,46702.12,,27244.21,4106.779999999999
Marketing,2021-03-01,16271.96,,68055.52,61603.340000000004
IT,2021-09-01,25518.27,44832.6,97162.6,52330.00000000001
Marketing,2022-07-01,,42768.64,73716.5,30947.86
Marketing,2022-01-01,17107.49,22791.22,,35309.83
R&D,2021-12-01,12259.38,9457.11,54275.16,44818.05
Marketing,2021-08-01,21294.05,,45726.74,19322.87
Marketing,2022-04-01,44749.34,43394.14,,39994.979999999996
Operations,2022-10-01,,29707.92,33039.26,3331.340000000004
R&D,2021-12-01,44849.02,23308.12,52242.62,28934.500000000004
HR,2021-09-01,39713.05,14129.37,91764.38,77635.01000000001
Operations,2022-02-01,21715.96,48769.83,54638.5,5868.669999999998
Sales,2021-03-01,,56110.52,83977.37,27866.85
Marketing,2022-08-01,35515.26,20678.48,,66340.31
Operations,2021-10-01,23038.64,6808.58,,64143.31
Sales,2022-10-01,29463.09,59517.92,30180.55,-29337.37
IT,2022-11-01,9566.78,14781.03,11849.03,-2932.0
IT,2022-01-01,39572.46,20382.95,21912.39,1529.4399999999987
Operations,2022-04-01,,5110.39,88227.6,83117.21
Operations,2021-11-01,35093.05,7486.75,71458.12,63971.369999999995
Marketing,2021-09-01,36608.09,35962.29,96218.87,60256.579999999994
Operations,2022-12-01,43269.14,,98241.43,93899.48
Operations,2021-05-01,46117.49,8480.7,16005.67,7524.969999999999
Sales,2022-08-01,40958.39,,31890.32,-14036.980000000003
IT,2021-07-01,32705.81,14636.11,39189.64,24553.53
Operations,2022-11-01,,13320.54,73389.99,60069.450000000004
IT,2021-11-01,12306.95,,56114.42,23623.489999999998
IT,2022-09-01,45017.41,39171.45,59779.81,20608.36
R&D,2022-03-01,34566.42,16728.94,60084.49,43355.55
Marketing,2021-02-01,36081.61,50833.08,56016.35,5183.269999999997
Operations,2021-01-01,19861.25,48727.1,91942.48,43215.38
R&D,2022-05-01,15694.81,45838.0,23323.9,-22514.1
Marketing,2022-01-01,25626.09,28022.85,2901.84,-25121.01
R&D,2022-09-01,38831.53,39113.54,8809.92,-30303.620000000003
R&D,2021-06-01,27791.53,5230.43,5504.95,274.5199999999995
IT,2022-04-01,19342.84,43040.85,74501.07,31460.22000000001
Sales,2021-10-01,14986.41,20620.45,6786.92,-13833.53
R&D,2021-02-01,12378.4,10135.7,,2691.7299999999996
IT,2021-01-01,38285.34,25568.3,25556.54,-11.7599999999984
Operations,2021-08-01,33884.49,33496.53,10722.62,-22773.909999999996
R&D,2021-07-01,8783.97,28618.57,78225.01,49606.439999999995
Marketing,2022-05-01,17721.77,7595.92,21046.03,13450.109999999999
HR,2022-01-01,17296.81,55468.16,,3334.939999999995
Marketing,2022-10-01,5139.01,29459.73,30357.63,897.9000000000015
Operations,2022-05-01,7479.84,15140.02,68888.91,53748.89
IT,2021-01-01,33961.61,31101.18,95232.98,64131.799999999996
HR,2021-10-01,16584.62,43809.13,45965.48,2156.350000000006
Sales,2021-05-01,49174.93,15595.65,1510.72,-14084.93
Sales,2022-11-01,13711.45,25406.71,53961.68,28554.97
Operations,2022-11-01,33041.06,30277.69,87751.66,57473.97
Marketing,2021-10-01,37496.53,59423.88,,5793.780000000006
Marketing,2022-11-01,26239.67,58041.66,84472.04,26430.37999999999
Operations,2021-06-01,19609.38,56323.46,16762.65,-39560.81
R&D,2021-12-01,12968.08,25712.9,69036.64,43323.74
IT,2021-03-01,22115.75,9162.72,71603.88,62441.16
Marketing,2021-02-01,22704.06,17040.47,13438.32,-3602.1500000000015
HR,2022-07-01,10738.49,56879.18,2026.08,-54853.1
HR,2022-02-01,7952.7,17249.41,56892.61,39643.2
HR,2021-11-01,34676.52,29026.66,28568.9,-457.7599999999984
Marketing,2021-12-01,27201.16,55220.4,4333.52,-50886.880000000005
IT,2021-09-01,43486.77,44328.77,79740.95,35412.18
R&D,2022-05-01,41009.36,4585.62,75290.77,70705.15000000001
Marketing,2021-08-01,46087.3,15562.72,17164.68,1601.960000000001
Sales,2021-01-01,25712.84,37958.16,96747.95,58789.78999999999
HR,2022-02-01,10069.85,24505.02,30096.92,5591.899999999998
Operations,2022-08-01,41731.07,39298.76,16652.83,-22645.93
Sales,2022-01-01,,9051.07,77574.1,68523.03
Operations,2021-08-01,23440.26,57870.06,22139.95,-35730.11
Operations,2021-12-01,41244.42,32678.97,37349.22,4670.25
IT,2021-06-01,34871.14,,16092.77,-23279.960000000003
R&D,2022-02-01,11678.05,31204.83,,16505.369999999995
R&D,2022-02-01,48746.77,18814.36,88386.98,69572.62
R&D,2022-03-01,32006.97,9558.52,27325.08,17766.56
Marketing,2022-04-01,22941.6,48801.28,1555.89,-47245.39
Sales,2022-10-01,39594.6,21686.45,40854.75,19168.3
Sales,2021-11-01,32336.25,12077.55,13898.01,1820.460000000001
HR,2021-07-01,27247.21,33219.08,83944.68,50725.59999999999
Marketing,2022-05-01,42249.72,47870.97,1016.85,-46854.12
Marketing,2021-11-01,9436.76,56250.22,75945.89,19695.67
Operations,2022-04-01,47907.35,20934.7,21620.8,686.0999999999985
Operations,2022-08-01,43893.36,5308.05,58464.39,53156.34
R&D,2022-05-01,17899.48,48767.08,36905.67,-11861.410000000003
Marketing,2022-07-01,8196.93,5164.19,13098.47,7934.28
Marketing,2021-08-01,41334.32,54608.37,71546.2,16937.829999999994
Operations,2021-09-01,9929.65,,43571.66,-12829.449999999997
Marketing,2022-02-01,49684.88,51051.39,97081.79,46030.399999999994
IT,2022-11-01,29640.29,42791.74,72722.45,29930.71
Marketing,2021-01-01,7224.8,20417.77,,28710.219999999998
IT,2021-07-01,41333.84,25568.99,65157.0,39588.009999999995
Operations,2022-06-01,10415.55,14455.42,10340.77,-4114.65
HR,2021-11-01,23017.59,34213.26,44393.45,10180.189999999995
IT,2021-09-01,31091.04,9656.55,5410.54,-4246.009999999999
IT,2022-10-01,,5826.0,91515.65,85689.65
IT,2021-11-01,31681.96,16154.42,20195.84,4041.42
HR,2021-08-01,21002.48,34272.81,83673.21,49400.40000000001
IT,2022-04-01,19432.35,16434.2,64284.85,47850.649999999994
Marketing,2022-04-01,13550.77,58668.89,15730.09,-42938.8
Sales,2022-02-01,16207.03,19681.79,,76322.4
HR,2022-10-01,19732.76,9366.32,46890.57,37524.25
Sales,2022-01-01,19253.97,25291.47,19290.98,-6000.490000000002
IT,2022-05-01,28199.56,34542.18,88242.54,53700.35999999999
Sales,2021-01-01,23943.74,23273.66,81544.6,58270.94
HR,2021-06-01,42480.59,7030.43,8430.49,1400.0599999999995
Operations,2021-12-01,27776.43,45719.44,14326.89,-31392.550000000003
Operations,2021-02-01,24282.42,57864.13,56832.96,-1031.1699999999983
Operations,2022-10-01,39778.72,35397.44,92878.35,57480.91
R&D,2021-09-01,17462.69,11485.64,73284.97,61799.33
R&D,2021-06-01,14570.09,44431.27,48073.87,3642.600000000006
IT,2021-12-01,41185.98,46295.8,6898.16,-39397.64
Operations,2021-09-01,23768.55,3767.69,66068.55,62300.86
Operations,2022-07-01,49616.65,15223.78,94178.01,78954.23
Sales,2022-11-01,21337.04,25832.48,73249.55,47417.07000000001
HR,2021-02-01,12679.98,39912.0,30144.08,-9767.919999999998
Sales,2021-01-01,32187.26,49782.63,35299.79,-14482.839999999997
Sales,2022-11-01,43161.72,37932.64,,-18875.72
HR,2022-12-01,30656.25,16464.19,65206.41,48742.22
Sales,2021-08-01,25552.69,56557.23,76018.59,19461.359999999993
Sales,2022-06-01,28360.21,50602.61,10173.24,-40429.37
HR,2022-04-01,34981.18,35419.26,98384.97,62965.71
HR,2022-07-01,46141.49,58254.36,47151.24,-11103.120000000003
HR,2022-10-01,45220.73,4865.53,74271.94,69406.41
IT,2022-08-01,29178.57,23598.56,7518.85,-16079.710000000001
R&D,2022-02-01,32109.95,52988.08,89735.01,36746.92999999999
Marketing,2022-10-01,,41303.57,5388.76,-35914.81
R&D,2021-07-01,8913.75,30754.05,86353.3,55599.25
Sales,2022-01-01,38104.17,15127.25,19144.22,4016.970000000001
R&D,2021-10-01,38078.24,55703.13,74016.18,18313.049999999996
IT,2022-08-01,20309.77,32292.43,48027.98,15735.550000000003
Sales,2022-08-01,21407.74,47912.98,70550.69,22637.71
R&D,2022-11-01,32743.31,54772.38,60964.5,6192.120000000003
Sales,2021-06-01,17105.47,9801.5,55917.1,46115.6
R&D,2021-08-01,27091.9,38638.64,61928.46,23289.82
Marketing,2021-05-01,41442.23,50121.11,51635.98,1514.8700000000026
Sales,2022-11-01,23936.01,21969.74,73591.26,51621.51999999999
Marketing,2021-06-01,38038.36,3591.69,63419.28,59827.59
HR,2021-07-01,37766.77,37625.58,64068.47,26442.89
Operations,2021-09-01,35485.29,,91933.89,83184.4
HR,2022-07-01,10136.71,47931.85,88750.8,40818.950000000004
HR,2022-12-01,40149.79,8767.61,82398.17,73630.56
Operations,2022-05-01,36076.66,51780.96,40469.29,-11311.669999999998
IT,2021-07-01,36750.14,49642.58,17417.48,-32225.100000000002
IT,2022-01-01,10896.58,50353.64,89704.12,39350.479999999996
Sales,2021-11-01,46051.82,45422.04,49910.62,4488.580000000002
HR,2021-11-01,6395.56,39019.74,43150.92,4131.18
Sales,2022-11-01,16086.23,13521.26,29587.67,16066.409999999998
Operations,2021-03-01,27715.87,,83589.67,64245.78
IT,2022-08-01,48514.97,38604.11,35539.0,-3065.1100000000006
Sales,2022-02-01,25383.38,20674.59,25272.55,4597.959999999999
Sales,2021-08-01,9793.57,48772.25,18376.62,-30395.63
IT,2021-09-01,24948.15,,46990.83,41200.58
R&D,2022-04-01,6428.02,46944.12,58778.34,11834.219999999994
Marketing,2022-09-01,38949.66,52551.06,20515.37,-32035.69
Marketing,2021-11-01,32883.45,13319.78,6750.9,-6568.880000000001
Marketing,2021-01-01,45105.03,21159.81,93154.15,71994.34
Operations,2022-08-01,10806.5,18812.99,21081.67,2268.6799999999967
Operations,2021-05-01,27455.81,58842.1,43035.2,-15806.900000000001
Sales,2021-11-01,41189.25,54323.64,19194.37,-35129.270000000004
Marketing,2021-01-01,11710.74,25686.37,12141.15,-13545.22
Operations,2022-09-01,20747.24,20934.53,66135.54,45201.009999999995
Marketing,2022-01-01,12044.71,37791.24,17596.53,-20194.71
R&D,2021-04-01,16836.53,38149.69,54210.28,16060.589999999997
Operations,2022-04-01,24919.96,50923.0,46257.98,-4665.019999999997
IT,2022-06-01,36560.89,4478.41,20743.5,16265.09
R&D,2022-02-01,39468.41,52420.71,46535.96,-5884.75
HR,2021-12-01,23889.29,13123.56,46674.28,33550.72
IT,2022-09-01,21115.23,53560.38,83683.46,30123.08000000001
Operations,2022-05-01,26424.47,17404.35,25291.27,7886.920000000002
IT,2022-07-01,43154.91,3089.57,6282.45,3192.8799999999997
R&D,2022-08-01,8402.4,18013.33,88139.43,70126.09999999999
Sales,2022-03-01,7699.86,15622.65,96885.02,81262.37000000001
Sales,2021-11-01,34593.14,39583.93,79204.26,39620.329999999994
IT,2022-07-01,9764.76,14971.98,91815.61,76843.63
Marketing,2022-06-01,24101.07,47997.04,50374.18,2377.1399999999994
HR,2021-12-01,17493.95,20931.37,30470.3,9538.93
Marketing,2021-09-01,18258.79,50388.2,21308.64,-29079.559999999998
R&D,2021-07-01,44262.93,38653.51,19644.68,-19008.83
Operations,2022-05-01,27478.61,27298.78,57307.93,30009.15
HR,2021-10-01,11311.43,19589.28,66127.89,46538.61
HR,2022-06-01,39564.83,14966.23,26068.57,11102.34
HR,2022-10-01,45080.02,42015.77,10649.33,-31366.439999999995
IT,2022-07-01,49667.82,57797.03,17864.64,-39932.39
R&D,2022-06-01,27958.6,32432.63,7838.34,-24594.29
R&D,2022-11-01,24885.05,23591.65,26327.34,2735.6899999999987
Marketing,2021-04-01,14033.33,50139.56,94600.08,44460.520000000004
IT,2021-12-01,6283.42,22084.36,45983.51,23899.15
IT,2022-12-01,6039.75,55158.01,90633.96,35475.950000000004
Marketing,2022-02-01,28055.0,8908.01,80671.53,71763.52
,,,,,
Marketing,2021-05-01,35156.15,,2962.44,-48607.119999999995
R&D,2022-01-01,9938.19,32305.26,2005.79,-30299.469999999998
R&D,2022-05-01,21799.65,9158.71,98226.83,89068.12
R&D,2021-09-01,41180.76,23589.61,68838.44,45248.83
Marketing,2021-07-01,35889.73,55558.42,97939.5,42381.08
HR,2022-03-01,43636.97,4924.17,80951.81,76027.64
Sales,2022-12-01,17745.23,35966.16,53031.74,17065.579999999994
Sales,2022-03-01,13574.8,31293.0,1879.16,-29413.84
IT,2022-04-01,47770.65,56949.89,97159.74,40209.850000000006
Sales,2021-03-01,41658.45,28893.03,29065.11,172.08000000000175
IT,2022-04-01,35860.92,32980.4,26392.79,-6587.610000000001
Marketing,2021-08-01,48414.26,18796.08,67996.5,49200.42
IT,2021-06-01,8945.88,26001.2,50654.19,24652.99
Operations,2022-02-01,7191.33,4599.98,24320.98,19721.0
Marketing,2021-06-01,46065.7,28678.46,51556.31,22877.85
Sales,2022-02-01,35939.15,3016.7,25828.43,22811.73
HR,2021-06-01,39900.36,23337.72,35647.35,12309.629999999997
Marketing,2021-07-01,41608.3,37328.39,97760.18,60431.78999999999
Marketing,2021-04-01,42544.11,6715.56,89412.68,82697.12
Sales,2022-01-01,37725.65,31567.04,6338.41,-25228.63
Marketing,2022-11-01,,48143.58,12023.04,-36120.54
HR,2022-08-01,49247.84,40141.2,20396.68,-19744.519999999997
Marketing,2022-08-01,10438.39,12775.87,83086.28,70310.41
IT,2022-08-01,,26825.83,42794.88,15969.049999999996
Operations,2022-10-01,31641.57,18410.55,41437.71,23027.16
HR,2022-01-01,5824.53,38673.89,76212.94,37539.05
Operations,2022-01-01,6600.72,4808.0,5436.66,628.6599999999999
HR,2021-03-01,42908.45,25199.96,63193.53,37993.57
HR,2022-03-01,48899.83,,92964.37,55495.60999999999
IT,2021-02-01,41790.33,45565.36,70073.4,24508.039999999994
IT,2022-03-01,31382.02,8875.76,69662.3,60786.54
Operations,2022-06-01,44430.27,50035.05,10650.59,-39384.46000000001
Sales,2022-11-01,46377.79,51210.92,16023.41,-35187.509999999995
R&D,2021-06-01,15261.63,7411.98,37685.56,30273.579999999998
HR,2022-09-01,26734.19,44138.85,35466.55,-8672.299999999996
Marketing,2021-04-01,45554.08,20989.88,15935.94,-5053.9400000000005
IT,2021-02-01,13878.58,35966.42,19094.27,-16872.149999999998
Sales,2021-11-01,29947.5,27379.57,57445.51,30065.940000000002
R&D,2021-11-01,41392.19,10112.6,69459.79,59347.189999999995
R&D,2021-10-01,26346.34,20053.69,92932.46,72878.77
Operations,2021-11-01,43523.28,6542.79,,81997.81000000001
Marketing,2022-06-01,25651.45,31049.99,91754.1,60704.11
HR,2021-01-01,26509.52,13320.5,61876.8,48556.3
HR,2021-04-01,36367.52,32823.47,20920.23,-11903.240000000002
Operations,2022-09-01,12982.74,35292.72,54799.18,19506.46
Sales,2021-02-01,19916.72,30127.2,59681.27,29554.069999999996
HR,2022-08-01,6769.32,21294.59,83624.05,62329.46000000001
Sales,2022-01-01,15335.6,24446.53,10497.57,-13948.96
Sales,2021-08-01,11285.06,27396.53,33832.37,6435.840000000004
IT,2021-04-01,23362.52,35977.85,28205.3,-7772.549999999999
HR,2022-08-01,,49810.09,97281.27,47471.18000000001
,,,,,
HR,2021-11-01,26551.59,24751.26,66122.78,41371.520000000004
Operations,2021-06-01,10170.67,6182.02,8748.61,2566.59
R&D,2021-08-01,12165.42,18330.7,43796.84,25466.139999999996
R&D,2021-12-01,18269.79,30506.31,97068.57,66562.26000000001
IT,2022-11-01,46099.98,56910.74,27452.5,-29458.239999999998
IT,2022-11-01,,18707.62,13969.47,-4738.15
IT,2022-01-01,29559.2,6165.41,55183.09,49017.67999999999
R&D,2021-11-01,30259.87,9358.23,20549.99,11191.760000000002
Operations,2021-06-01,,24212.74,38553.55,14340.810000000001
Sales,2022-08-01,42766.68,40279.88,78497.35,38217.47000000001
R&D,2022-08-01,31577.53,22309.42,31951.18,9641.760000000002
R&D,2022-04-01,44291.25,,19601.44,-40355.94
HR,2022-02-01,44149.79,5064.29,13245.47,8181.179999999999
IT,2021-07-01,35144.27,46477.09,10278.8,-36198.28999999999
IT,2021-10-01,16646.18,25345.03,64578.24,39233.21
IT,2021-03-01,21575.49,33820.88,43537.95,9717.07
Marketing,2022-07-01,8263.75,6717.12,6728.8,11.680000000000291
Marketing,2021-03-01,25191.49,57878.55,73238.15,15359.599999999991
Sales,2022-12-01,,34567.13,85712.62,51145.49
Marketing,2021-02-01,47147.83,10494.53,69257.85,58763.32000000001
Sales,2022-11-01,43040.56,23139.07,73479.58,50340.51
Operations,2022-03-01,22180.94,55307.38,27643.01,-27664.37
Sales,2021-06-01,45344.38,48671.5,94481.74,45810.240000000005
Sales,2022-10-01,19086.18,22591.51,37026.39,14434.880000000001
Marketing,2021-09-01,42620.3,46224.01,6469.77,-39754.240000000005
Marketing,2021-08-01,12511.55,59259.07,11457.38,-47801.69
HR,2021-04-01,44244.27,10545.54,22027.99,11482.45
R&D,2022-07-01,17654.79,44348.76,40806.74,-3542.020000000004
IT,2021-08-01,31434.09,8287.38,4153.93,-4133.449999999999
Sales,2022-12-01,,35098.58,8847.61,-26250.97
HR,2021-08-01,10724.42,7249.81,35445.39,28195.579999999998
Sales,2022-06-01,46962.36,51713.91,64365.78,12651.869999999995
R&D,2021-06-01,40367.33,18920.71,89491.08,70570.37
R&D,2022-07-01,6126.36,49822.84,74852.36,25029.520000000004
IT,2022-11-01,22216.19,23607.98,51259.87,27651.890000000003
Marketing,2022-10-01,19949.85,58193.88,15485.55,-42708.33
Operations,2021-07-01,29791.11,5054.91,79556.11,74501.2
HR,2022-07-01,8545.1,29208.6,69791.55,40582.950000000004
R&D,2022-04-01,16613.86,21334.16,63158.85,41824.69
IT,2022-08-01,38651.42,17322.9,56271.33,38948.43
HR,2021-08-01,24993.61,26682.83,80978.05,54295.22
Marketing,2021-07-01,,26825.14,83390.77,56565.630000000005
Sales,2022-03-01,49453.46,56214.73,42108.2,-14106.530000000006
IT,2022-07-01,31357.01,15580.77,10295.09,-5285.68
R&D,2022-06-01,14009.61,59757.52,,-5207.019999999997
IT,2021-04-01,39327.51,48115.26,,-33007.32
,,,,,
IT,2021-07-01,37747.3,30099.87,60594.6,30494.73
IT,2021-04-01,23250.49,47236.85,45404.8,-1832.0499999999956
Sales,2022-08-01,16066.81,27397.54,23865.9,-3531.6399999999994
Operations,2022-08-01,33009.83,5608.92,48847.3,43238.380000000005
R&D,2022-12-01,40557.8,3497.8,7671.61,4173.8099999999995
IT,2022-01-01,43713.9,46172.17,93840.67,47668.5
Operations,2021-11-01,23833.8,3533.75,93805.11,90271.36
Marketing,2021-09-01,22611.96,39391.87,46358.3,6966.43
Operations,2022-11-01,16447.63,40348.02,3409.41,-36938.61
Marketing,2022-07-01,42294.86,54685.71,66542.29,11856.579999999994
R&D,2022-03-01,46141.21,41889.75,15388.94,-26500.809999999998
Marketing,2021-12-01,42265.69,40331.06,93490.39,53159.33
Sales,2022-03-01,10282.7,48274.26,44247.18,-4027.0800000000017
IT,2021-10-01,29879.2,38344.89,86821.99,48477.100000000006
Operations,2021-06-01,13168.66,39884.75,80512.64,40627.89
Sales,2021-04-01,41615.82,7538.08,80186.11,72648.03
IT,2021-07-01,23170.0,33681.48,8107.47,-25574.010000000002
IT,2022-08-01,39898.55,45304.2,76368.95,31064.75
R&D,2022-08-01,30655.79,50571.94,35684.14,-14887.800000000003
Marketing,2021-11-01,37828.02,19013.32,62875.87,43862.55
Sales,2021-12-01,,58264.42,,3589.8199999999997
IT,2022-02-01,7828.88,48075.47,8731.1,-39344.37
HR,2021-05-01,22500.69,12624.9,44407.43,31782.53
Marketing,2021-11-01,10975.86,27751.74,52610.49,24858.749999999996
IT,2022-04-01,45009.96,57166.75,72928.13,15761.380000000005
HR,2022-03-01,39642.09,,92561.96,39677.00000000001
IT,2022-06-01,14708.81,35535.44,90568.22,55032.78
R&D,2021-02-01,,54760.51,2228.04,-52532.47
Sales,2022-11-01,18644.38,44219.5,46173.32,1953.8199999999997
Sales,2021-11-01,6853.76,36007.75,59255.55,23247.800000000003
Marketing,2021-04-01,16792.95,58637.14,84751.61,26114.47
HR,2021-05-01,37277.25,53328.04,86432.7,33104.659999999996
HR,2021-02-01,25778.01,22694.48,15043.28,-7651.199999999999
Operations,2021-07-01,45691.06,27051.66,82008.81,54957.149999999994
Operations,2022-09-01,41388.97,55215.25,74009.82,18794.570000000007
Operations,2021-06-01,48021.91,30036.7,2348.31,-27688.39
Marketing,2021-07-01,,46110.59,66754.52,20643.930000000008
R&D,2022-12-01,5683.1,33481.61,76347.76,42866.149999999994
Marketing,2022-10-01,48116.52,34735.58,15656.41,-19079.170000000002
Marketing,2021-09-01,36238.79,58929.95,79333.78,20403.83
HR,2022-05-01,38882.5,47305.27,26060.31,-21244.959999999995
,,,,,
HR,2021-01-01,46248.1,48902.75,14044.28,-34858.47
Operations,2022-01-01,38916.55,54997.63,41813.91,-13183.719999999994
IT,2021-10-01,46934.8,33024.53,64995.35,31970.82
R&D,2021-10-01,21263.44,45423.0,7061.28,-38361.72
IT,2021-05-01,48588.22,19820.66,73214.8,53394.14
IT,2022-11-01,19090.54,6207.7,38451.36,32243.66
R&D,2021-06-01,7155.21,59007.65,70695.89,11688.239999999998
IT,2022-03-01,,56401.98,13697.14,-42704.840000000004
Marketing,2021-04-01,14726.44,32334.94,96590.48,64255.53999999999
Marketing,2021-08-01,19151.56,47969.45,82697.37,34727.92
IT,2022-01-01,15500.24,54364.16,33402.27,-20961.890000000007
Operations,2022-05-01,26673.23,37096.81,66803.95,29707.14
Sales,2021-04-01,25058.29,21293.87,78321.85,57027.98000000001
R&D,2022-04-01,39597.71,42953.54,18032.15,-24921.39
Operations,2022-09-01,5081.97,49898.23,65346.32,15448.089999999997
Sales,2022-01-01,48027.79,21550.84,1325.64,-20225.2
HR,2021-08-01,48629.58,7417.77,51553.97,44136.2
Sales,2022-12-01,29884.26,23642.54,90613.39,66970.85
Marketing,2022-01-01,18921.55,52536.98,49762.47,-2774.510000000002
R&D,2022-01-01,33822.86,39932.1,81855.11,41923.01
Operations,2022-01-01,19862.05,51184.51,9785.01,-41399.5
R&D,2022-03-01,34332.64,40410.26,,31778.79
HR,2022-10-01,39655.31,28549.35,36215.57,7666.220000000001
Marketing,2022-10-01,41349.53,14974.52,24800.69,9826.169999999998
HR,2022-08-01,8291.99,30966.65,90337.56,59370.909999999996
Sales,2022-05-01,8369.28,6877.75,18468.23,11590.48
Operations,2022-07-01,40277.17,20009.78,91724.27,71714.49
HR,2022-07-01,39706.48,48408.67,91069.51,42660.84
R&D,2021-07-01,6594.49,55039.83,98754.78,43714.95
HR,2021-01-01,,44799.33,64190.46,19391.129999999997
Operations,2022-02-01,24109.59,5204.14,43559.85,38355.71
Operations,2022-03-01,20492.57,41097.56,59167.11,18069.550000000003
R&D,2022-07-01,44601.89,57114.24,33855.66,-23258.579999999994
R&D,2022-04-01,20014.17,5706.51,92664.14,86957.63
Sales,2022-11-01,30310.49,45906.17,2919.29,-42986.88
Sales,2021-11-01,28880.9,22931.83,99669.0,76737.17
HR,2022-05-01,36900.46,14469.1,59936.81,45467.71
Operations,2022-05-01,16326.15,50809.67,58742.17,7932.5
HR,2022-02-01,42426.34,13946.73,87887.99,73941.26000000001
R&D,2022-03-01,31882.72,36758.01,29993.4,-6764.610000000001
Sales,2021-03-01,17979.91,25162.97,95538.07,70375.1
Marketing,2022-07-01,13800.9,39549.35,53152.93,13603.580000000002
R&D,2021-07-01,49663.2,10837.0,57636.92,46799.92
R&D,2022-04-01,41210.46,6372.21,45066.86,38694.65
HR,2021-10-01,37990.61,26069.94,24285.66,-1784.2799999999988
Operations,2022-12-01,5283.71,57724.76,,1974.9599999999991
,,,,,
IT,2021-08-01,17167.1,55737.31,53793.95,-1943.3600000000006
Operations,2021-06-01,,11999.2,69265.21,57266.01000000001
HR,2022-07-01,7907.35,24855.04,2223.49,-22631.550000000003
Marketing,2021-06-01,11335.73,27149.99,29226.26,2076.269999999997
IT,2021-11-01,43944.0,17646.32,4243.49,-13402.83
HR,2022-03-01,31326.02,7794.14,86641.65,78847.51
Sales,2021-03-01,15721.93,23027.93,7910.84,-15117.09
IT,2021-07-01,39642.87,44759.73,7829.04,-36930.69
IT,2022-08-01,42185.24,56208.23,31497.19,-24711.040000000005
Sales,2022-05-01,,29656.75,2531.35,-27125.4
Operations,2021-03-01,47173.55,13643.92,,30313.47
Sales,2022-02-01,32598.68,39243.11,24858.54,-14384.57
Operations,2021-05-01,21164.81,21433.11,41324.16,19891.050000000003
HR,2022-03-01,45867.51,24669.13,32841.3,8172.170000000002
HR,2021-06-01,42272.05,22980.19,78103.83,55123.64
Sales,2021-03-01,32553.72,23658.94,89559.28,65900.34
IT,2021-03-01,34951.99,42229.71,58688.21,16458.5
IT,2022-11-01,17664.46,34293.22,84953.88,50660.66
Marketing,2021-07-01,37018.44,48492.19,6402.88,-42089.310000000005
Marketing,2022-10-01,25453.57,28592.83,14006.95,-14585.880000000001
Operations,2022-12-01,19352.74,52720.61,92230.0,39509.39
R&D,2022-03-01,48430.03,53183.06,26960.23,-26222.829999999998
Operations,2021-05-01,22310.34,57686.69,57307.03,-379.6600000000035
IT,2022-06-01,41634.24,41965.95,23592.81,-18373.139999999996
Marketing,2021-08-01,23450.09,33048.66,53872.32,20823.659999999996
R&D,2021-04-01,26295.16,42354.95,83770.16,41415.21000000001
Marketing,2021-02-01,47596.61,13478.16,45549.68,32071.52
R&D,2021-05-01,6773.48,11638.54,16289.99,4651.449999999999
HR,2022-12-01,30390.78,22837.83,14624.69,-8213.140000000001
Operations,2022-05-01,44981.64,13765.31,19094.08,5328.770000000002
IT,2022-11-01,12105.37,,38324.7,-7075.120000000003
,,,,,
HR,2021-12-01,9682.63,25780.15,79065.75,53285.6
IT,2022-10-01,5480.39,41976.09,50725.22,8749.130000000005
Marketing,2021-10-01,32950.27,33797.01,,40459.74
HR,2021-03-01,49486.42,25876.91,62244.38,36367.47
R&D,2021-03-01,40495.5,31046.3,19404.05,-11642.25
Sales,2021-01-01,30530.73,30197.08,90833.67,60636.59
Marketing,2022-12-01,20267.09,30231.3,49720.52,19489.219999999998
Sales,2022-02-01,34234.92,12271.52,,19588.12
HR,2021-09-01,9125.01,53600.99,51548.47,-2052.519999999997
Operations,2022-11-01,41565.94,16806.73,87533.42,70726.69
R&D,2021-04-01,22633.47,5381.99,71923.77,66541.78
IT,2022-09-01,17281.39,41494.94,27483.37,-14011.570000000003
HR,2022-10-01,28503.51,48008.71,9826.65,-38182.06
Marketing,2021-02-01,27506.07,42617.22,65774.99,23157.770000000004
HR,2021-06-01,5394.38,16701.66,88430.41,71728.75
R&D,2022-08-01,21266.17,,84449.04,59559.29999999999
HR,2021-11-01,12764.21,24563.67,16128.7,-8434.969999999998
HR,2022-10-01,25105.01,14882.84,42132.36,27249.52
HR,2021-05-01,42202.43,22247.19,21357.16,-890.0299999999988
Marketing,2021-10-01,5018.43,33967.04,60076.64,26109.6
IT,2021-12-01,38179.76,54034.88,12248.85,-41786.03
HR,2021-10-01,49926.45,3239.71,76283.34,73043.62999999999
R&D,2022-10-01,45167.26,,66987.67,14368.159999999996
