Order ID,Order Date,Customer ID,Region,Product ID,Category,Quantity,Unit Price,Total Price
ORD100000,2022-01-17,CUST00363,West,P0011,Books,9.0,488.53,4396.7699999999995
ORD100001,2022-07-11,CUST00280,South,P0033,Home,6.0,357.94,2147.64
ORD100002,2021-03-24,CUST00303,,P0087,Home,1.0,473.13,473.13
ORD100003,2021-08-20,CUST00177,East,P0012,,2.0,156.77,313.54
ORD100004,2022-06-09,CUST00116,South,P0081,Books,7.0,178.56,1249.92
ORD100005,2021-03-30,CUST00433,East,P0066,Books,3.0,406.01,1218.03
ORD100006,2021-01-08,CUST00143,North,P0029,Home,1.0,197.8,197.8
ORD100007,2021-02-13,CUST00020,East,P0023,Electronics,3.0,250.9,752.7
ORD100008,2021-12-31,CUST00300,North,P0075,Home,3.0,13.26,39.78
ORD100009,2021-02-14,CUST00392,East,P0073,Books,5.0,347.91,1739.5500000000002
ORD100010,2021-12-04,CUST00239,North,P0074,Clothing,8.0,148.66,1189.28
ORD100011,2022-01-04,CUST00497,North,P0075,Books,3.0,,344.58
ORD100012,2022-03-01,CUST00316,South,P0006,Home,7.0,8.48,59.36
ORD100013,2021-05-21,CUST00225,South,P0041,Toys,6.0,404.75,2428.5
ORD100014,2022-06-24,CUST00049,South,P0090,Grocery,,65.22,456.53999999999996
ORD100015,2022-12-11,CUST00320,North,P0021,Clothing,7.0,331.3,2319.1
ORD100016,2021-06-13,CUST00426,South,P0077,Clothing,6.0,178.6,1071.6
ORD100017,2021-08-01,CUST00168,North,P0092,Electronics,1.0,228.03,228.03
ORD100018,2022-09-02,CUST00080,North,P0058,Toys,6.0,418.92,2513.52
ORD100019,2021-05-12,CUST00274,South,P0024,Books,9.0,40.59,365.31000000000006
ORD100020,2022-02-01,CUST00052,East,P0019,Books,7.0,427.73,2994.11
ORD100021,2022-12-15,CUST00331,West,P0054,Books,9.0,480.19,4321.71
ORD100022,2021-01-01,CUST00048,South,P0070,Electronics,4.0,16.88,67.52
ORD100023,2022-09-22,CUST00123,West,P0064,Electronics,4.0,181.14,724.56
ORD100024,2022-12-04,CUST00179,East,P0046,Electronics,4.0,337.43,1349.72
ORD100025,2021-12-19,CUST00254,North,P0043,Electronics,2.0,197.14,394.28
ORD100026,2022-09-09,CUST00208,West,P0075,Books,8.0,76.59,612.72
ORD100027,2021-11-21,CUST00013,East,P0097,Grocery,5.0,175.49,877.45
ORD100028,2021-07-27,CUST00348,East,P0002,,8.0,280.77,2246.16
ORD100029,2021-10-23,CUST00469,North,P0096,Grocery,5.0,345.6,1728.0
ORD100030,2022-02-15,CUST00186,South,P0086,Home,3.0,393.95,1181.85
,,,,,,,,
ORD100032,2022-03-11,,East,P0008,Books,2.0,196.51,393.02
ORD100033,2021-03-04,CUST00208,North,P0060,Home,9.0,362.95,3266.5499999999997
ORD100034,2022-11-11,CUST00494,,P0049,Clothing,5.0,299.46,1497.3
ORD100035,2021-06-09,CUST00339,West,P0022,Clothing,1.0,263.24,263.24
ORD100036,2021-09-14,CUST00219,North,P0025,Clothing,,85.57,770.1299999999999
ORD100037,2022-08-03,CUST00339,West,P0060,Toys,5.0,9.68,48.4
ORD100038,2021-04-11,CUST00280,East,P0020,Grocery,3.0,340.13,1020.39
ORD100039,2022-10-24,CUST00078,North,P0005,Books,6.0,43.18,259.08
ORD100040,2021-03-24,CUST00132,East,P0086,Electronics,6.0,37.81,226.86
ORD100041,2021-05-01,CUST00307,South,P0031,Toys,3.0,299.51,898.53
ORD100042,2021-10-17,CUST00332,West,P0006,Toys,1.0,17.27,17.27
ORD100043,2021-12-28,CUST00183,,P0073,Toys,1.0,385.22,385.22
ORD100044,2022-05-21,CUST00146,North,P0010,Electronics,4.0,289.99,1159.96
ORD100045,2021-12-29,CUST00215,South,P0006,Clothing,5.0,156.76,783.8
ORD100046,2021-10-23,CUST00140,North,P0052,Grocery,4.0,462.21,1848.84
ORD100047,2022-05-23,CUST00407,North,P0068,Clothing,8.0,405.85,3246.8
ORD100048,2021-02-25,CUST00053,,P0023,Books,8.0,80.22,641.76
ORD100049,2022-12-03,CUST00015,North,P0068,Books,1.0,459.37,459.37
ORD100050,2021-09-02,CUST00489,East,P0008,Grocery,3.0,279.35,838.0500000000001
ORD100051,2021-04-27,CUST00491,South,P0064,Toys,6.0,455.4,2732.3999999999996
ORD100052,2022-12-03,CUST00143,South,P0072,Toys,6.0,264.03,1584.1799999999998
ORD100053,2022-11-14,CUST00414,West,P0073,Electronics,1.0,155.56,155.56
ORD100054,2021-05-17,CUST00277,West,P0031,Books,5.0,6.61,33.050000000000004
ORD100055,2022-09-11,CUST00025,North,P0075,Electronics,2.0,369.44,738.88
ORD100056,2021-03-29,CUST00335,South,P0048,Clothing,2.0,,32.98
ORD100057,2021-01-06,CUST00257,South,P0074,Books,9.0,358.52,3226.68
ORD100058,2022-07-04,CUST00416,East,P0051,Grocery,3.0,286.13,858.39
ORD100059,2022-08-12,CUST00380,East,P0078,Toys,6.0,423.57,2541.42
ORD100060,2021-03-13,CUST00244,North,P0043,Home,8.0,496.66,3973.28
ORD100061,2021-08-15,CUST00466,South,P0019,,8.0,424.27,3394.16
ORD100062,2021-04-02,CUST00178,East,P0067,Books,3.0,32.36,97.08
ORD100063,2021-12-18,CUST00266,East,P0017,Electronics,1.0,105.63,105.63
ORD100064,2021-08-07,CUST00017,East,P0093,Grocery,9.0,131.18,1180.6200000000001
ORD100065,2022-03-24,CUST00351,West,P0023,Electronics,4.0,462.6,1850.4
ORD100066,2022-01-18,CUST00087,,P0073,Books,1.0,341.05,341.05
ORD100067,2021-05-08,CUST00101,South,P0009,,8.0,314.54,2516.32
ORD100068,2022-10-10,CUST00196,South,P0008,Home,7.0,145.78,1020.46
ORD100069,2021-06-11,CUST00326,East,P0084,Grocery,1.0,377.24,377.24
ORD100070,2021-05-08,CUST00096,West,P0005,Grocery,5.0,323.79,1618.95
ORD100071,2022-04-14,CUST00157,West,P0065,Home,6.0,449.93,2699.58
ORD100072,2021-02-26,CUST00337,South,P0001,Clothing,5.0,419.07,2095.35
ORD100073,2022-05-04,CUST00126,East,P0020,Books,2.0,374.3,748.6
ORD100074,2022-09-28,CUST00061,West,P0052,Clothing,1.0,297.98,297.98
ORD100075,2021-03-31,CUST00344,East,P0003,Books,8.0,143.56,1148.48
ORD100076,2022-12-29,CUST00145,South,P0049,Books,9.0,278.29,2504.61
ORD100077,2022-01-19,CUST00219,North,P0072,Toys,,378.85,1136.5500000000002
ORD100078,2021-02-02,CUST00448,West,P0082,Clothing,4.0,397.2,1588.8
ORD100079,2022-01-30,CUST00223,East,P0038,Clothing,5.0,288.21,1441.05
ORD100080,2021-12-21,CUST00403,South,P0018,Books,2.0,376.0,752.0
ORD100081,2022-09-15,CUST00040,West,P0052,Toys,5.0,17.42,87.10000000000001
ORD100082,2021-10-11,CUST00296,South,P0089,Grocery,6.0,106.66,639.96
ORD100083,2022-08-11,CUST00283,South,P0071,Grocery,,476.83,2860.98
ORD100084,2022-05-11,CUST00148,North,P0011,Toys,6.0,63.82,382.92
ORD100085,2021-05-03,CUST00351,South,P0056,Clothing,7.0,363.32,2543.24
ORD100086,2022-05-24,CUST00365,South,P0042,Electronics,2.0,184.12,368.24
ORD100087,2022-05-29,CUST00256,East,P0027,Electronics,7.0,168.79,1181.53
ORD100088,2022-08-08,CUST00026,North,P0055,Clothing,,127.67,383.01
ORD100089,2022-06-12,CUST00182,West,P0044,,2.0,413.68,827.36
ORD100090,2022-11-16,CUST00194,West,P0053,Grocery,5.0,282.41,1412.0500000000002
ORD100091,2022-05-09,CUST00202,West,P0011,Clothing,8.0,263.71,2109.68
ORD100092,2022-12-09,CUST00372,South,P0005,Books,9.0,110.48,994.32
ORD100093,2022-06-19,CUST00478,South,P0018,Electronics,6.0,104.87,629.22
ORD100094,2022-06-04,CUST00271,West,P0094,Clothing,9.0,207.1,1863.8999999999999
ORD100095,2021-05-12,CUST00387,South,P0067,Grocery,2.0,9.27,18.54
ORD100096,2022-12-27,,,P0014,Grocery,4.0,101.17,404.68
ORD100097,2022-05-03,CUST00385,,P0073,Books,2.0,151.78,303.56
ORD100098,2021-03-17,CUST00120,West,P0037,Clothing,,42.85,128.55
ORD100099,2021-10-31,CUST00303,North,P0036,Toys,2.0,477.8,955.6
ORD100100,2021-07-11,CUST00408,East,P0051,Electronics,9.0,279.31,2513.79
ORD100101,2021-01-11,CUST00432,East,P0033,Toys,5.0,184.5,922.5
ORD100102,2021-08-27,CUST00480,South,P0034,Home,6.0,101.46,608.76
ORD100103,2022-02-02,CUST00048,South,P0038,Clothing,1.0,495.86,495.86
ORD100104,2021-11-12,,South,P0070,Clothing,5.0,6.53,32.65
ORD100105,2021-08-25,CUST00462,,P0022,Home,4.0,389.22,1556.88
ORD100106,2021-04-05,CUST00423,West,P0004,,1.0,365.04,365.04
ORD100107,2021-08-08,CUST00219,West,P0034,Books,7.0,56.82,397.74
ORD100108,2022-07-04,CUST00231,West,P0049,Home,8.0,85.69,685.52
ORD100109,2021-02-08,CUST00327,West,P0098,Electronics,4.0,297.77,1191.08
ORD100110,2021-12-25,CUST00096,South,P0095,Clothing,4.0,329.56,1318.24
ORD100111,2021-10-24,,East,P0083,Home,4.0,343.0,1372.0
ORD100112,2022-12-24,CUST00163,West,P0059,Toys,5.0,310.18,1550.9
ORD100113,2021-04-10,CUST00196,,P0048,Clothing,7.0,54.15,379.05
ORD100114,2021-01-02,CUST00201,West,P0011,Clothing,6.0,217.01,1302.06
ORD100115,2022-04-16,CUST00025,North,P0096,Toys,2.0,469.61,939.22
ORD100116,2021-04-04,CUST00451,West,P0016,Books,2.0,231.63,463.26
ORD100117,2022-11-10,CUST00405,South,P0074,Books,3.0,27.26,81.78
ORD100118,2022-02-11,CUST00276,North,P0062,Home,9.0,,365.13
ORD100119,2021-07-05,CUST00179,North,P0081,Grocery,5.0,278.66,1393.3000000000002
ORD100120,2022-03-16,CUST00080,North,P0065,Clothing,2.0,,294.6
ORD100121,2021-09-19,,East,P0065,Electronics,7.0,354.59,2482.1299999999997
ORD100122,2022-05-31,CUST00206,West,P0047,Books,6.0,198.13,1188.78
ORD100123,2021-04-13,CUST00255,North,P0027,Books,6.0,354.49,2126.94
,,,,,,,,
ORD100125,2021-03-23,CUST00350,South,P0072,Home,1.0,163.99,163.99
ORD100126,2022-09-20,CUST00241,West,P0068,Clothing,1.0,189.32,189.32
ORD100127,2022-07-20,CUST00434,East,P0018,Grocery,4.0,,387.2
ORD100128,2021-07-08,CUST00309,West,P0082,Home,9.0,416.38,3747.42
ORD100129,2021-09-12,CUST00112,North,P0093,Electronics,2.0,44.98,89.96
ORD100130,2022-12-26,CUST00275,North,P0046,Books,8.0,371.55,2972.4
ORD100131,2022-02-11,CUST00086,North,P0006,Grocery,2.0,231.53,463.06
ORD100132,2022-01-22,CUST00232,South,P0044,Grocery,2.0,57.5,115.0
ORD100133,2022-07-02,CUST00285,East,P0033,Books,9.0,223.0,2007.0
ORD100134,2021-08-23,CUST00376,West,P0071,Toys,8.0,203.43,1627.44
ORD100135,2022-08-17,CUST00003,West,P0019,Home,6.0,452.97,2717.82
ORD100136,2022-02-23,CUST00203,West,P0057,Clothing,5.0,255.81,1279.05
ORD100137,2021-06-09,CUST00248,East,P0044,Books,4.0,137.28,549.12
ORD100138,2022-11-26,CUST00475,,P0064,Grocery,4.0,253.8,1015.2
ORD100139,2022-02-07,CUST00282,North,P0069,Books,6.0,78.23,469.38
ORD100140,2021-01-19,CUST00180,East,P0062,Clothing,1.0,,327.71
ORD100141,2022-07-14,,North,P0034,Grocery,1.0,389.68,389.68
ORD100142,2021-11-30,CUST00121,East,P0026,Toys,3.0,427.48,1282.44
ORD100143,2022-05-03,CUST00282,East,P0026,Grocery,6.0,453.6,2721.6000000000004
ORD100144,2022-06-24,CUST00447,East,P0053,Electronics,5.0,41.71,208.55
ORD100145,2022-01-30,CUST00497,East,P0013,Home,5.0,306.1,1530.5
ORD100146,2022-10-31,CUST00429,,P0093,Books,1.0,146.84,146.84
ORD100147,2021-01-08,CUST00086,North,P0018,Electronics,2.0,185.45,370.9
ORD100148,2022-01-03,CUST00305,South,P0065,Electronics,5.0,91.75,458.75
ORD100149,2021-04-28,CUST00393,East,P0088,,4.0,484.25,1937.0
ORD100150,2022-11-29,CUST00488,South,P0072,Electronics,4.0,48.39,193.56
ORD100151,2022-05-23,CUST00177,South,P0055,Books,5.0,30.49,152.45
ORD100152,2021-07-15,CUST00355,West,P0047,Clothing,1.0,461.22,461.22
ORD100153,2022-11-11,CUST00228,North,P0037,Toys,4.0,203.55,814.2
ORD100154,2021-07-22,CUST00175,West,P0072,Home,6.0,,2477.52
ORD100155,2021-08-24,CUST00492,North,P0094,Clothing,7.0,341.56,2390.92
ORD100156,2021-04-12,CUST00477,North,P0068,Toys,2.0,71.98,143.96
ORD100157,2021-02-03,CUST00051,South,P0065,Grocery,4.0,342.49,1369.96
ORD100158,2022-01-28,CUST00013,East,P0023,Toys,7.0,112.68,788.76
ORD100159,2022-05-15,,South,P0035,Home,4.0,139.38,557.52
ORD100160,2022-05-05,CUST00313,East,P0034,Toys,7.0,212.11,1484.77
ORD100161,2022-05-08,CUST00482,West,P0061,Clothing,5.0,95.33,476.65
ORD100162,2022-06-27,CUST00137,West,P0073,Grocery,5.0,158.63,793.15
ORD100163,2021-01-12,CUST00412,West,P0071,Home,4.0,102.76,411.04
,,,,,,,,
ORD100165,2022-08-26,CUST00123,West,P0040,Toys,7.0,,2820.3700000000003
ORD100166,2021-10-02,CUST00074,North,P0010,Toys,6.0,301.13,1806.78
ORD100167,2022-06-04,CUST00414,North,P0078,Books,4.0,461.81,1847.24
ORD100168,2021-12-11,CUST00225,East,P0035,Toys,2.0,138.97,277.94
ORD100169,2022-12-17,CUST00176,East,P0039,Clothing,2.0,378.96,757.92
ORD100170,2022-11-26,CUST00078,West,P0076,Grocery,5.0,134.59,672.95
ORD100171,2022-11-17,CUST00076,East,P0077,Clothing,2.0,119.57,239.14
ORD100172,2021-10-20,CUST00316,South,P0003,,7.0,298.59,2090.1299999999997
ORD100173,2022-05-02,CUST00301,East,P0038,Electronics,5.0,56.2,281.0
ORD100174,2021-04-16,CUST00014,East,P0082,Toys,6.0,436.52,2619.12
ORD100175,2022-10-28,CUST00246,West,P0011,Grocery,9.0,218.51,1966.59
ORD100176,2021-01-21,CUST00247,,P0082,,7.0,337.38,2361.66
ORD100177,2022-06-24,CUST00163,North,P0052,Grocery,6.0,94.54,567.24
ORD100178,2021-12-23,CUST00056,East,P0039,Toys,6.0,164.66,987.96
ORD100179,2021-11-30,CUST00134,East,P0013,Books,7.0,254.11,1778.77
ORD100180,2022-02-19,CUST00003,East,P0066,Home,8.0,66.47,531.76
ORD100181,2022-05-20,CUST00459,North,P0066,Books,2.0,490.51,981.02
ORD100182,2021-01-03,CUST00330,South,P0044,Electronics,6.0,449.01,2694.06
ORD100183,2021-12-30,CUST00390,,P0072,Electronics,9.0,327.59,2948.31
ORD100184,2022-10-28,CUST00148,East,P0015,Books,6.0,312.52,1875.12
ORD100185,2021-01-02,CUST00186,West,P0053,Electronics,4.0,143.68,574.72
ORD100186,2021-03-22,CUST00081,,P0091,Grocery,8.0,284.28,2274.24
ORD100187,2021-04-01,CUST00291,East,P0090,Books,7.0,222.92,1560.4399999999998
ORD100188,2021-02-13,,North,P0093,Clothing,8.0,41.42,331.36
ORD100189,2022-10-07,CUST00437,East,P0039,Home,3.0,98.03,294.09000000000003
ORD100190,2021-07-14,CUST00260,South,P0006,Books,1.0,84.14,84.14
ORD100191,2022-11-02,CUST00459,South,P0038,Electronics,4.0,353.27,1413.08
ORD100192,2021-08-31,CUST00391,West,P0066,Clothing,6.0,35.93,215.57999999999998
ORD100193,2021-03-28,CUST00355,South,P0092,Toys,2.0,377.48,754.96
ORD100194,2021-11-25,,East,P0046,Books,8.0,371.33,2970.64
ORD100195,2022-03-13,CUST00174,South,P0034,,1.0,482.6,482.6
ORD100196,2021-10-17,CUST00271,West,P0030,Clothing,2.0,59.92,119.84
ORD100197,2021-02-25,CUST00039,South,P0063,Electronics,6.0,276.15,1656.8999999999999
ORD100198,2021-10-22,CUST00124,South,P0002,Electronics,8.0,225.33,1802.64
ORD100199,2021-05-14,CUST00005,South,P0074,Grocery,5.0,340.45,1702.25
ORD100200,2022-11-02,,East,P0079,Books,8.0,400.25,3202.0
ORD100201,2021-06-06,CUST00062,South,P0095,Toys,3.0,280.44,841.3199999999999
ORD100202,2022-11-04,CUST00330,South,P0043,Electronics,5.0,318.61,1593.0500000000002
ORD100203,2022-09-25,CUST00105,South,P0091,Books,8.0,101.6,812.8
ORD100204,2022-12-06,CUST00014,North,P0013,Clothing,5.0,188.48,942.4
ORD100205,2022-04-03,CUST00187,East,P0071,Clothing,4.0,364.94,1459.76
ORD100206,2021-12-06,CUST00271,East,P0100,Grocery,,9.29,27.869999999999997
ORD100207,2022-10-28,CUST00050,East,P0061,Home,5.0,315.91,1579.5500000000002
ORD100208,2021-02-23,CUST00255,South,P0003,,9.0,223.06,2007.54
ORD100209,2021-02-20,CUST00027,South,P0066,Grocery,6.0,125.51,753.0600000000001
ORD100210,2021-06-04,CUST00418,West,P0079,Home,9.0,459.47,4135.2300000000005
ORD100211,2022-05-07,CUST00019,West,P0059,Grocery,7.0,398.29,2788.03
ORD100212,2021-01-03,CUST00139,North,P0031,Clothing,4.0,42.86,171.44
ORD100213,2022-04-13,CUST00363,West,P0092,Electronics,7.0,53.39,373.73
ORD100214,2022-08-17,CUST00059,South,P0039,Electronics,8.0,362.08,2896.64
ORD100215,2021-11-09,CUST00382,East,P0015,Toys,4.0,61.01,244.04
ORD100216,2021-11-18,CUST00333,East,P0078,Clothing,4.0,9.9,39.6
ORD100217,2022-03-20,CUST00246,West,P0088,Books,2.0,243.47,486.94
ORD100218,2022-05-01,CUST00373,West,P0052,Electronics,,253.95,1015.8
ORD100219,2022-02-05,CUST00153,South,P0095,Grocery,7.0,455.88,3191.16
ORD100220,2022-03-17,CUST00237,West,P0057,Books,5.0,94.72,473.6
ORD100221,2021-12-05,CUST00342,East,P0086,Electronics,6.0,302.33,1813.98
ORD100222,2022-11-26,CUST00238,East,P0066,Books,4.0,96.87,387.48
ORD100223,2021-12-17,CUST00381,North,P0095,Toys,1.0,441.93,441.93
ORD100224,2021-12-04,CUST00409,East,P0082,Electronics,4.0,109.25,437.0
ORD100225,2022-02-17,CUST00282,,P0014,Home,,126.18,630.9000000000001
ORD100226,2022-01-24,CUST00299,South,P0017,Books,9.0,86.33,776.97
ORD100227,2022-05-05,CUST00187,North,P0095,Clothing,3.0,385.7,1157.1
ORD100228,2021-07-15,CUST00062,South,P0009,Grocery,6.0,323.66,1941.96
ORD100229,2022-10-26,CUST00392,East,P0014,Toys,2.0,234.23,468.46
ORD100230,2022-05-04,CUST00231,East,P0065,Toys,2.0,226.16,452.32
ORD100231,2021-04-12,CUST00137,South,P0082,Grocery,3.0,353.36,1060.08
ORD100232,2021-06-28,CUST00115,East,P0002,Grocery,7.0,265.17,1856.19
ORD100233,2022-02-16,CUST00048,North,P0096,Grocery,6.0,172.26,1033.56
ORD100234,2021-06-21,CUST00456,East,P0046,Electronics,5.0,386.09,1930.4499999999998
ORD100235,2022-01-15,CUST00007,South,P0062,Home,7.0,185.41,1297.87
ORD100236,2022-05-18,CUST00493,South,P0043,Books,2.0,90.05,180.1
ORD100237,2022-12-11,CUST00176,North,P0043,Home,2.0,226.21,452.42
ORD100238,2022-01-17,CUST00329,North,P0096,Toys,1.0,474.33,474.33
ORD100239,2021-03-05,CUST00462,East,P0052,,5.0,,1243.3
ORD100240,2022-10-02,CUST00324,East,P0054,Toys,2.0,395.26,790.52
ORD100241,2022-01-28,CUST00282,East,P0039,Books,5.0,,1351.3999999999999
ORD100242,2022-04-24,,West,P0019,Grocery,4.0,153.34,613.36
ORD100243,2022-04-07,CUST00484,East,P0057,Toys,4.0,89.93,359.72
ORD100244,2021-03-10,,West,P0033,Toys,3.0,325.17,975.51
ORD100245,2021-07-02,CUST00178,South,P0010,Toys,2.0,465.29,930.58
ORD100246,2021-06-13,CUST00422,South,P0030,Books,4.0,227.93,911.72
ORD100247,2021-12-11,CUST00437,South,P0079,Books,5.0,105.05,525.25
ORD100248,2021-08-18,CUST00462,East,P0040,Grocery,2.0,360.99,721.98
ORD100249,2021-07-31,CUST00300,North,P0059,Home,1.0,368.78,368.78
ORD100250,2021-10-05,,North,P0019,Grocery,3.0,315.27,945.81
ORD100251,2022-08-09,CUST00430,,P0025,Home,9.0,,4479.93
ORD100252,2021-07-27,CUST00027,West,P0009,Clothing,7.0,244.94,1714.58
ORD100253,2022-03-24,CUST00285,West,P0090,Grocery,9.0,43.44,390.96
ORD100254,2021-04-16,CUST00290,South,P0017,Grocery,2.0,91.07,182.14
ORD100255,2022-02-18,CUST00100,West,P0056,Grocery,2.0,461.07,922.14
ORD100256,2021-05-24,CUST00041,North,P0015,Clothing,5.0,72.23,361.15000000000003
ORD100257,2021-08-13,CUST00478,North,P0011,Clothing,5.0,488.87,2444.35
ORD100258,2021-09-30,CUST00099,West,P0062,Books,7.0,188.35,1318.45
ORD100259,2022-07-12,CUST00135,East,P0084,Electronics,,316.35,316.35
ORD100260,2022-01-24,CUST00351,North,P0009,Books,4.0,486.5,1946.0
ORD100261,2021-08-09,CUST00071,East,P0049,Books,6.0,222.79,1336.74
ORD100262,2021-03-07,CUST00310,South,P0007,Books,,447.91,895.82
ORD100263,2021-11-16,CUST00440,North,P0011,Clothing,5.0,33.77,168.85000000000002
ORD100264,2021-07-23,CUST00058,West,P0036,Books,5.0,83.49,417.45
ORD100265,2021-06-08,CUST00246,East,P0094,Electronics,9.0,118.62,1067.58
ORD100266,2021-09-06,CUST00247,West,P0062,Books,3.0,77.57,232.70999999999998
ORD100267,2022-09-25,CUST00240,North,P0031,Home,8.0,250.09,2000.72
ORD100268,2021-07-25,CUST00391,East,P0013,Electronics,4.0,203.88,815.52
ORD100269,2021-06-15,CUST00220,South,P0078,Books,3.0,,1028.6399999999999
ORD100270,2022-04-03,CUST00264,North,P0047,Toys,1.0,472.06,472.06
ORD100271,2022-01-09,CUST00418,East,P0080,Toys,7.0,,1320.8999999999999
ORD100272,2022-03-17,CUST00393,East,P0039,Grocery,4.0,424.14,1696.56
ORD100273,2021-05-11,CUST00378,North,P0020,Books,8.0,278.59,2228.72
ORD100274,2021-02-26,CUST00123,East,P0015,Toys,5.0,117.93,589.6500000000001
ORD100275,2021-05-02,CUST00033,North,P0032,Clothing,3.0,269.7,809.0999999999999
ORD100276,2022-02-12,CUST00411,South,P0038,Toys,7.0,284.13,1988.9099999999999
ORD100277,2022-03-07,CUST00379,South,P0041,Home,4.0,311.62,1246.48
ORD100278,2022-02-13,CUST00215,West,P0038,Toys,9.0,188.59,1697.31
ORD100279,2021-11-09,CUST00285,North,P0067,Grocery,1.0,198.23,198.23
ORD100280,2022-11-15,CUST00482,West,P0085,Electronics,5.0,222.22,1111.1
ORD100281,2021-05-27,CUST00005,South,P0070,Clothing,1.0,55.66,55.66
ORD100282,2021-04-26,CUST00037,East,P0083,Books,5.0,290.86,1454.3000000000002
ORD100283,2021-05-07,,East,P0085,Clothing,5.0,94.27,471.34999999999997
ORD100284,2022-02-28,CUST00020,West,P0025,Toys,1.0,169.4,169.4
ORD100285,2022-06-08,CUST00201,North,P0070,,3.0,364.31,1092.93
ORD100286,2022-07-03,CUST00479,West,P0086,Books,7.0,43.12,301.84
ORD100287,2021-11-27,CUST00131,South,P0009,Books,3.0,267.95,803.8499999999999
ORD100288,2021-05-07,CUST00348,North,P0081,Clothing,4.0,308.86,1235.44
ORD100289,2021-01-02,CUST00345,East,P0027,Grocery,1.0,157.78,157.78
ORD100290,2021-04-18,,West,P0008,,,62.87,502.96
,,,,,,,,
ORD100292,2022-03-12,CUST00322,North,P0079,Books,6.0,32.77,196.62
ORD100293,2022-08-29,CUST00085,North,P0012,Clothing,8.0,329.8,2638.4
ORD100294,2022-12-29,CUST00230,South,P0015,Home,2.0,56.65,113.3
ORD100295,2022-01-25,CUST00007,East,P0006,Home,9.0,128.26,1154.34
ORD100296,2021-08-28,CUST00371,East,P0027,,9.0,380.34,3423.06
ORD100297,2021-04-19,CUST00149,South,P0044,Home,1.0,93.16,93.16
ORD100298,2021-10-05,CUST00347,,P0017,Home,3.0,135.56,406.68
ORD100299,2021-05-18,CUST00121,East,P0094,Clothing,4.0,484.59,1938.36
ORD100300,2022-08-20,,East,P0011,Home,8.0,120.35,962.8
ORD100301,2021-11-28,CUST00147,South,P0010,Clothing,3.0,7.18,21.54
ORD100302,2021-04-28,CUST00335,South,P0008,Books,6.0,119.65,717.9000000000001
ORD100303,2022-01-18,CUST00485,West,P0004,Books,3.0,427.96,1283.8799999999999
ORD100304,2022-12-18,CUST00263,East,P0038,Electronics,2.0,449.97,899.94
ORD100305,2022-08-19,CUST00386,West,P0005,Toys,3.0,138.15,414.45000000000005
ORD100306,2021-08-18,CUST00453,South,P0086,Electronics,8.0,123.46,987.68
ORD100307,2022-01-24,CUST00007,South,P0042,Clothing,8.0,493.17,3945.36
ORD100308,2022-01-30,,West,P0071,Grocery,,378.04,1134.1200000000001
ORD100309,2021-02-28,CUST00040,West,P0095,,8.0,400.93,3207.44
ORD100310,2021-07-14,CUST00008,South,P0057,Home,2.0,464.69,929.38
ORD100311,2022-08-12,CUST00493,East,P0013,Clothing,1.0,23.93,23.93
ORD100312,2022-11-28,CUST00377,South,P0021,Home,3.0,405.95,1217.85
ORD100313,2021-02-17,CUST00098,North,P0038,Home,4.0,370.76,1483.04
ORD100314,2021-11-18,CUST00033,West,P0096,Grocery,6.0,111.24,667.4399999999999
ORD100315,2021-07-20,CUST00048,East,P0054,Toys,2.0,360.43,720.86
ORD100316,2021-08-11,CUST00246,East,P0087,Books,2.0,68.5,137.0
ORD100317,2022-02-20,CUST00426,South,P0011,Grocery,2.0,23.55,47.1
ORD100318,2021-12-30,CUST00411,South,P0090,Clothing,7.0,278.33,1948.31
ORD100319,2022-09-22,CUST00456,,P0085,Electronics,6.0,,904.26
ORD100320,2021-04-07,CUST00113,North,P0036,Grocery,,386.33,1545.32
ORD100321,2022-05-24,CUST00403,South,P0062,Toys,9.0,81.75,735.75
ORD100322,2022-06-29,CUST00344,South,P0025,Grocery,2.0,83.28,166.56
ORD100323,2022-07-03,CUST00401,,P0025,Books,8.0,267.4,2139.2
ORD100324,2022-08-02,CUST00255,North,P0062,Clothing,,480.53,1922.12
ORD100325,2021-09-03,CUST00382,East,P0020,Grocery,3.0,462.38,1387.1399999999999
ORD100326,2022-04-24,CUST00111,North,P0017,Toys,,314.28,2514.24
ORD100327,2021-02-06,CUST00314,North,P0022,Electronics,2.0,489.05,978.1
ORD100328,2022-07-21,CUST00271,West,P0038,Home,6.0,228.34,1370.04
ORD100329,2022-12-03,CUST00349,East,P0099,Books,3.0,391.56,1174.68
ORD100330,2022-04-20,CUST00392,South,P0067,Toys,3.0,384.25,1152.75
ORD100331,2022-07-01,CUST00500,South,P0069,Books,8.0,140.97,1127.76
ORD100332,2021-01-21,CUST00109,East,P0086,,8.0,343.44,2747.52
ORD100333,2022-09-22,CUST00401,West,P0087,Electronics,8.0,290.27,2322.16
ORD100334,2021-09-20,CUST00407,North,P0016,Home,4.0,472.04,1888.16
ORD100335,2022-02-16,CUST00492,South,P0061,Home,4.0,167.32,669.28
ORD100336,2022-08-05,CUST00266,West,P0035,Toys,2.0,238.03,476.06
ORD100337,2021-07-03,CUST00127,West,P0034,Clothing,8.0,212.86,1702.88
ORD100338,2022-02-07,CUST00007,West,P0053,Electronics,5.0,219.88,1099.4
ORD100339,2021-05-16,CUST00144,West,P0012,Electronics,3.0,291.88,875.64
ORD100340,2021-07-26,CUST00285,West,P0060,Electronics,9.0,,971.1899999999999
ORD100341,2022-02-28,CUST00140,West,P0052,Clothing,4.0,,1041.4
ORD100342,2021-05-09,CUST00382,East,P0023,Electronics,2.0,303.63,607.26
ORD100343,2022-08-29,CUST00204,North,P0011,Toys,3.0,231.68,695.04
ORD100344,2022-07-20,CUST00168,South,P0043,Books,7.0,210.54,1473.78
ORD100345,2021-03-10,CUST00228,,P0042,Electronics,1.0,110.55,110.55
ORD100346,2021-01-05,CUST00278,North,P0008,Home,5.0,79.43,397.15000000000003
ORD100347,2022-10-27,CUST00284,East,P0080,Electronics,9.0,369.67,3327.03
ORD100348,2022-05-15,CUST00067,West,P0069,,2.0,141.36,282.72
ORD100349,2022-11-25,CUST00238,West,P0007,Clothing,6.0,120.2,721.2
ORD100350,2022-11-19,CUST00177,West,P0005,Clothing,5.0,310.5,1552.5
ORD100351,2021-10-27,CUST00155,East,P0011,Electronics,8.0,279.31,2234.48
ORD100352,2021-01-10,CUST00330,East,P0067,Home,8.0,194.02,1552.16
ORD100353,2021-11-12,CUST00186,South,P0095,Toys,8.0,401.44,3211.52
ORD100354,2021-05-22,CUST00487,West,P0010,Books,2.0,17.68,35.36
ORD100355,2022-05-07,,South,P0071,Electronics,2.0,146.44,292.88
ORD100356,2021-11-12,CUST00308,North,P0043,Grocery,,133.58,935.0600000000001
ORD100357,2022-08-29,CUST00446,West,P0058,Grocery,7.0,143.07,1001.49
ORD100358,2022-01-10,CUST00194,West,P0042,Toys,8.0,161.52,1292.16
ORD100359,2022-03-05,CUST00017,South,P0006,Clothing,9.0,123.56,1112.04
ORD100360,2022-04-23,CUST00347,North,P0062,Toys,5.0,211.41,1057.05
ORD100361,2021-11-22,CUST00312,North,P0001,Home,2.0,124.27,248.54
ORD100362,2022-02-10,CUST00229,West,P0006,Books,1.0,128.06,128.06
ORD100363,2021-08-16,CUST00353,North,P0100,Electronics,4.0,450.42,1801.68
ORD100364,2022-06-25,CUST00199,South,P0044,Clothing,3.0,97.1,291.29999999999995
ORD100365,2022-03-31,CUST00206,North,P0082,Grocery,3.0,448.2,1344.6
ORD100366,2021-03-22,CUST00140,West,P0092,Toys,8.0,299.13,2393.04
ORD100367,2021-11-06,CUST00403,East,P0020,Grocery,5.0,169.8,849.0
ORD100368,2022-07-04,CUST00477,East,P0038,Home,8.0,257.29,2058.32
ORD100369,2022-03-05,CUST00235,South,P0047,,3.0,9.06,27.18
ORD100370,2022-05-27,CUST00238,North,P0021,Home,3.0,273.52,820.56
ORD100371,2022-05-30,CUST00035,West,P0079,Toys,2.0,324.42,648.84
ORD100372,2021-01-18,CUST00382,North,P0016,Toys,3.0,131.17,393.51
ORD100373,2021-09-27,CUST00370,North,P0068,Electronics,1.0,473.21,473.21
ORD100374,2021-09-22,CUST00387,North,P0018,Electronics,1.0,414.5,414.5
ORD100375,2022-09-26,CUST00371,East,P0068,Grocery,3.0,,41.730000000000004
ORD100376,2022-09-01,CUST00410,North,P0099,Clothing,6.0,475.61,2853.66
ORD100377,2021-11-29,CUST00484,,P0021,Grocery,6.0,231.74,1390.44
ORD100378,2021-09-25,CUST00453,West,P0067,Books,9.0,107.87,970.83
ORD100379,2021-12-02,CUST00438,North,P0061,Books,5.0,94.35,471.75
ORD100380,2022-04-09,CUST00051,West,P0058,Books,5.0,391.28,1956.3999999999999
ORD100381,2022-12-19,CUST00418,South,P0021,Clothing,8.0,82.34,658.72
ORD100382,2022-02-08,CUST00041,,P0018,Clothing,7.0,488.04,3416.28
ORD100383,2021-02-12,CUST00162,East,P0091,Clothing,1.0,460.56,460.56
ORD100384,2021-08-14,CUST00009,West,P0081,Grocery,1.0,187.41,187.41
ORD100385,2021-02-14,CUST00440,East,P0029,,2.0,186.23,372.46
ORD100386,2021-08-20,CUST00289,North,P0053,Clothing,7.0,,291.2
ORD100387,2021-08-02,,West,P0017,Grocery,4.0,113.89,455.56
ORD100388,2022-04-08,CUST00064,West,P0081,Toys,8.0,91.58,732.64
ORD100389,2022-10-05,CUST00409,East,P0080,Clothing,9.0,396.34,3567.06
ORD100390,2021-01-06,CUST00125,,P0072,Home,2.0,254.73,509.46
ORD100391,2021-11-19,CUST00474,East,P0033,Electronics,1.0,427.74,427.74
ORD100392,2021-03-11,CUST00217,West,P0065,Clothing,8.0,,402.08
ORD100393,2021-07-16,CUST00334,South,P0042,Toys,2.0,44.07,88.14
ORD100394,2021-11-03,CUST00054,East,P0055,Grocery,7.0,205.48,1438.36
ORD100395,2022-12-31,CUST00403,East,P0009,Clothing,5.0,350.89,1754.4499999999998
ORD100396,2022-07-01,CUST00472,North,P0022,Grocery,7.0,330.03,2310.21
ORD100397,2022-09-10,CUST00420,South,P0040,Home,5.0,27.35,136.75
ORD100398,2022-05-12,CUST00018,South,P0030,,5.0,276.76,1383.8
ORD100399,2022-09-03,CUST00147,South,P0026,Grocery,2.0,10.63,21.26
,,,,,,,,
ORD100401,2022-03-20,CUST00265,North,P0050,Clothing,2.0,402.26,804.52
ORD100402,2021-10-11,CUST00144,South,P0025,Grocery,2.0,360.8,721.6
ORD100403,2022-06-01,CUST00009,North,P0051,Toys,5.0,357.58,1787.8999999999999
ORD100404,2021-04-20,CUST00404,West,P0004,Grocery,4.0,68.16,272.64
ORD100405,2021-01-22,CUST00363,North,P0088,,7.0,66.75,467.25
ORD100406,2022-11-03,CUST00289,East,P0045,Clothing,9.0,405.22,3646.9800000000005
ORD100407,2021-04-05,CUST00235,East,P0087,Clothing,7.0,388.62,2720.34
ORD100408,2022-11-11,CUST00171,West,P0017,Toys,3.0,373.6,1120.8000000000002
ORD100409,2022-01-13,CUST00331,South,P0037,Clothing,1.0,200.35,200.35
ORD100410,2021-05-14,CUST00392,North,P0024,Toys,7.0,17.9,125.29999999999998
ORD100411,2022-05-12,CUST00448,West,P0098,Toys,7.0,104.12,728.84
ORD100412,2021-02-21,CUST00098,West,P0093,Books,7.0,298.15,2087.0499999999997
ORD100413,2021-02-22,CUST00193,South,P0077,Electronics,3.0,265.79,797.3700000000001
ORD100414,2021-11-29,CUST00132,North,P0044,Books,2.0,471.25,942.5
ORD100415,2022-02-26,CUST00001,West,P0050,Toys,4.0,305.23,1220.92
ORD100416,2022-04-22,CUST00132,West,P0073,Books,6.0,20.55,123.30000000000001
ORD100417,2021-06-06,CUST00436,East,P0022,Electronics,8.0,319.1,2552.8
ORD100418,2022-01-04,CUST00102,East,P0012,Grocery,5.0,339.84,1699.1999999999998
ORD100419,2022-05-10,,North,P0016,Clothing,8.0,97.68,781.44
ORD100420,2021-06-18,CUST00343,West,P0028,Home,2.0,358.21,716.42
ORD100421,2022-11-11,CUST00102,West,P0032,Toys,9.0,206.82,1861.3799999999999
ORD100422,2021-02-12,CUST00011,East,P0066,Books,2.0,245.04,490.08
ORD100423,2022-06-16,CUST00212,North,P0019,Clothing,7.0,456.51,3195.5699999999997
ORD100424,2022-01-22,CUST00251,North,P0025,Grocery,5.0,459.57,2297.85
ORD100425,2021-04-18,CUST00052,West,P0026,Grocery,4.0,149.39,597.56
ORD100426,2021-07-27,CUST00379,East,P0074,Electronics,3.0,433.24,1299.72
,,,,,,,,
ORD100428,2022-02-21,CUST00275,West,P0052,Toys,3.0,383.79,1151.3700000000001
ORD100429,2021-05-10,CUST00481,West,P0029,Grocery,9.0,230.48,2074.3199999999997
ORD100430,2022-05-24,CUST00395,North,P0065,Books,7.0,267.36,1871.52
ORD100431,2021-08-03,CUST00111,North,P0050,Home,6.0,7.84,47.04
ORD100432,2022-06-03,,West,P0050,Books,8.0,113.85,910.8
ORD100433,2021-08-09,CUST00283,South,P0075,Books,1.0,292.24,292.24
,,,,,,,,
ORD100435,2021-11-18,CUST00236,North,P0083,Clothing,4.0,231.7,926.8
ORD100436,2022-04-07,CUST00136,South,P0027,Electronics,4.0,235.91,943.64
ORD100437,2021-12-01,CUST00329,North,P0044,Grocery,8.0,166.24,1329.92
ORD100438,2022-07-12,CUST00393,,P0084,Home,,8.13,16.26
ORD100439,2022-10-21,CUST00041,East,P0022,Books,5.0,480.37,2401.85
ORD100440,2021-10-23,CUST00371,East,P0075,Books,1.0,40.6,40.6
ORD100441,2021-04-17,CUST00176,West,P0062,Toys,5.0,265.48,1327.4
ORD100442,2021-08-16,CUST00439,North,P0067,Home,1.0,346.72,346.72
ORD100443,2022-04-14,CUST00071,West,P0012,Grocery,2.0,101.0,202.0
ORD100444,2021-03-25,CUST00257,West,P0092,Clothing,6.0,448.17,2689.02
ORD100445,2021-07-18,CUST00365,North,P0056,Clothing,7.0,206.63,1446.4099999999999
ORD100446,2022-07-28,CUST00486,West,P0095,Electronics,3.0,168.91,506.73
ORD100447,2021-02-25,CUST00479,East,P0060,Electronics,2.0,247.66,495.32
ORD100448,2022-03-25,CUST00048,South,P0019,Toys,3.0,453.85,1361.5500000000002
ORD100449,2021-10-31,CUST00269,North,P0076,Books,,335.33,2682.64
ORD100450,2022-07-30,CUST00295,East,P0061,Home,,53.59,375.13
ORD100451,2022-12-21,CUST00115,East,P0021,Books,2.0,,97.42
ORD100452,2021-10-24,CUST00310,,P0052,Toys,4.0,169.76,679.04
ORD100453,2022-01-05,CUST00471,East,P0034,Grocery,8.0,332.09,2656.72
ORD100454,2022-12-03,CUST00423,West,P0074,Grocery,6.0,151.78,910.6800000000001
ORD100455,2022-04-10,CUST00289,East,P0004,Home,9.0,52.64,473.76
ORD100456,2021-11-23,CUST00057,West,P0074,,9.0,136.65,1229.8500000000001
ORD100457,2022-06-27,CUST00260,,P0003,Grocery,2.0,477.44,954.88
ORD100458,2022-09-18,CUST00071,East,P0097,,1.0,347.31,347.31
ORD100459,2022-09-04,CUST00055,West,P0092,Home,3.0,137.21,411.63
ORD100460,2022-09-21,CUST00471,South,P0094,Clothing,7.0,466.44,3265.08
ORD100461,2021-02-04,CUST00225,West,P0015,Electronics,2.0,257.95,515.9
ORD100462,2021-11-15,CUST00270,South,P0002,Toys,6.0,284.7,1708.1999999999998
ORD100463,2022-04-22,CUST00418,North,P0087,Clothing,3.0,465.24,1395.72
ORD100464,2022-11-09,CUST00209,West,P0059,Grocery,7.0,327.91,2295.3700000000003
ORD100465,2021-11-22,CUST00472,North,P0062,Books,5.0,447.19,2235.95
ORD100466,2022-07-14,CUST00146,North,P0084,Books,9.0,301.99,2717.91
ORD100467,2022-12-13,CUST00292,North,P0084,Home,8.0,,1039.92
ORD100468,2022-03-16,CUST00237,West,P0055,Books,2.0,338.62,677.24
ORD100469,2021-11-06,CUST00052,South,P0038,Toys,7.0,11.72,82.04
ORD100470,2021-03-02,CUST00464,West,P0020,Books,8.0,365.21,2921.68
ORD100471,2021-10-30,CUST00339,,P0033,Electronics,3.0,427.66,1282.98
ORD100472,2022-09-14,CUST00500,North,P0020,Clothing,5.0,365.29,1826.45
ORD100473,2022-04-05,CUST00310,East,P0087,Books,3.0,81.02,243.06
ORD100474,2022-05-04,CUST00192,North,P0018,Electronics,,102.39,102.39
ORD100475,2021-06-10,CUST00490,East,P0002,Grocery,8.0,363.17,2905.36
ORD100476,2021-06-26,CUST00354,East,P0034,Electronics,2.0,223.74,447.48
ORD100477,2022-04-04,CUST00357,South,P0089,Books,2.0,265.48,530.96
ORD100478,2021-02-26,CUST00186,North,P0024,Toys,2.0,188.6,377.2
ORD100479,2022-10-14,CUST00127,West,P0007,Toys,8.0,209.88,1679.04
ORD100480,2021-05-05,CUST00304,North,P0025,Toys,9.0,179.46,1615.14
ORD100481,2021-06-22,CUST00079,South,P0055,Grocery,6.0,57.52,345.12
ORD100482,2021-05-22,,North,P0058,Books,7.0,320.95,2246.65
ORD100483,2022-09-22,CUST00393,West,P0085,Books,1.0,366.21,366.21
ORD100484,2021-03-23,CUST00221,North,P0016,Books,4.0,319.17,1276.68
ORD100485,2022-12-20,CUST00250,North,P0084,Clothing,2.0,57.05,114.1
ORD100486,2022-12-22,CUST00302,,P0030,Home,6.0,381.85,2291.1000000000004
ORD100487,2022-02-23,CUST00099,,P0009,Toys,1.0,496.6,496.6
ORD100488,2022-09-08,CUST00495,West,P0081,Toys,9.0,166.03,1494.27
ORD100489,2022-08-18,CUST00405,West,P0058,Electronics,9.0,290.25,2612.25
ORD100490,2021-09-07,CUST00042,East,P0012,Books,3.0,449.46,1348.3799999999999
ORD100491,2022-12-19,CUST00007,South,P0092,Books,1.0,285.67,285.67
ORD100492,2022-08-19,CUST00316,East,P0019,Toys,3.0,426.27,1278.81
ORD100493,2022-04-13,CUST00339,East,P0015,Clothing,6.0,121.63,729.78
ORD100494,2021-07-25,CUST00485,South,P0097,Electronics,7.0,487.53,3412.71
ORD100495,2022-07-28,CUST00242,North,P0036,Toys,,228.0,1596.0
ORD100496,2022-03-21,CUST00333,South,P0081,Electronics,7.0,302.77,2119.39
ORD100497,2022-05-01,CUST00457,West,P0043,Home,9.0,,2055.7799999999997
ORD100498,2021-09-15,CUST00144,South,P0035,Clothing,7.0,82.33,576.31
ORD100499,2021-10-14,CUST00159,East,P0033,Electronics,1.0,173.57,173.57
ORD100500,2022-01-19,CUST00104,East,P0014,Home,2.0,475.5,951.0
ORD100501,2021-06-25,CUST00153,South,P0069,Books,7.0,243.93,1707.51
ORD100502,2021-01-26,CUST00372,East,P0054,Home,4.0,,1227.4
ORD100503,2022-08-23,,North,P0073,Clothing,8.0,243.03,1944.24
ORD100504,2022-11-19,CUST00095,East,P0023,Home,2.0,290.58,581.16
ORD100505,2022-03-25,CUST00483,North,P0044,Electronics,8.0,153.42,1227.36
ORD100506,2022-07-15,CUST00261,South,P0019,Home,8.0,,2097.92
ORD100507,2021-04-23,,North,P0087,,9.0,118.31,1064.79
ORD100508,2022-06-07,CUST00484,,P0050,Electronics,6.0,135.2,811.1999999999999
ORD100509,2021-03-09,CUST00311,West,P0066,Electronics,5.0,430.78,2153.8999999999996
ORD100510,2021-09-06,CUST00279,South,P0046,,8.0,286.08,2288.64
ORD100511,2022-02-27,CUST00098,West,P0005,Electronics,8.0,291.86,2334.88
ORD100512,2022-12-13,CUST00042,West,P0043,Grocery,,249.38,1745.6599999999999
ORD100513,2021-10-12,CUST00287,South,P0035,Grocery,7.0,443.26,3102.8199999999997
ORD100514,2022-07-03,CUST00317,West,P0068,Clothing,6.0,133.5,801.0
ORD100515,2021-02-13,CUST00271,North,P0019,Toys,5.0,146.55,732.75
ORD100516,2021-11-08,CUST00304,North,P0019,Books,7.0,58.36,408.52
ORD100517,2022-10-25,CUST00379,North,P0082,Books,6.0,,718.4399999999999
ORD100518,2021-01-05,CUST00303,East,P0061,Grocery,4.0,18.37,73.48
ORD100519,2022-07-13,CUST00311,East,P0001,Toys,1.0,189.74,189.74
ORD100520,2021-07-26,,East,P0033,Electronics,3.0,76.19,228.57
,,,,,,,,
ORD100522,2021-03-19,CUST00004,South,P0086,Electronics,9.0,153.97,1385.73
ORD100523,2022-03-23,CUST00442,North,P0058,Home,1.0,75.14,75.14
ORD100524,2021-08-20,CUST00144,North,P0014,Home,9.0,389.79,3508.11
ORD100525,2021-07-30,CUST00294,North,P0090,Clothing,6.0,28.36,170.16
ORD100526,2021-06-17,CUST00124,West,P0096,Clothing,9.0,339.48,3055.32
ORD100527,2021-01-01,CUST00393,,P0014,Grocery,9.0,,2182.86
ORD100528,2021-10-10,CUST00029,North,P0081,Electronics,5.0,325.67,1628.3500000000001
ORD100529,2022-09-27,CUST00216,North,P0046,Toys,5.0,217.49,1087.45
ORD100530,2021-02-21,CUST00190,South,P0044,Grocery,7.0,135.88,951.16
ORD100531,2022-09-12,CUST00357,North,P0040,Electronics,1.0,477.15,477.15
ORD100532,2022-12-24,CUST00091,West,P0097,Toys,8.0,317.0,2536.0
ORD100533,2022-01-21,CUST00491,North,P0060,Clothing,7.0,211.34,1479.38
ORD100534,2021-10-14,CUST00360,West,P0076,Grocery,6.0,304.69,1828.1399999999999
ORD100535,2021-03-04,CUST00046,East,P0025,Toys,9.0,91.86,826.74
ORD100536,2022-08-30,CUST00072,South,P0009,Toys,8.0,,2411.52
ORD100537,2022-04-23,,North,P0003,Books,3.0,51.13,153.39000000000001
ORD100538,2022-01-22,CUST00165,North,P0055,Clothing,8.0,162.33,1298.64
ORD100539,2021-10-28,CUST00342,West,P0056,Grocery,4.0,444.83,1779.32
ORD100540,2021-05-24,CUST00387,South,P0096,Electronics,1.0,284.74,284.74
ORD100541,2022-01-11,CUST00311,West,P0066,Toys,7.0,451.45,3160.15
ORD100542,2022-06-21,CUST00382,South,P0075,Books,1.0,273.25,273.25
ORD100543,2022-05-23,CUST00183,East,P0001,Grocery,5.0,240.67,1203.35
ORD100544,2021-05-19,CUST00406,West,P0019,Books,6.0,418.28,2509.68
ORD100545,2021-01-27,CUST00253,East,P0042,Grocery,1.0,29.08,29.08
ORD100546,2021-10-15,CUST00366,South,P0006,Grocery,1.0,317.27,317.27
ORD100547,2022-04-01,CUST00208,East,P0027,Electronics,,29.63,207.41
ORD100548,2022-05-27,CUST00193,East,P0047,Clothing,1.0,145.69,145.69
ORD100549,2022-03-05,CUST00484,South,P0013,Home,7.0,365.49,2558.4300000000003
ORD100550,2021-12-18,CUST00394,West,P0007,,9.0,59.6,536.4
ORD100551,2021-11-21,CUST00194,South,P0006,Clothing,1.0,448.27,448.27
ORD100552,2021-04-24,CUST00342,West,P0051,Home,8.0,307.61,2460.88
ORD100553,2021-03-23,CUST00383,South,P0025,Grocery,9.0,251.03,2259.27
ORD100554,2021-04-06,CUST00462,East,P0017,Clothing,2.0,284.7,569.4
ORD100555,2021-02-04,,East,P0070,Electronics,5.0,264.25,1321.25
ORD100556,2022-06-23,CUST00452,,P0004,Home,3.0,302.01,906.03
ORD100557,2021-06-15,,North,P0066,Grocery,2.0,347.87,695.74
ORD100558,2021-01-17,CUST00117,North,P0091,Grocery,9.0,,280.8
ORD100559,2022-05-14,CUST00123,West,P0010,Home,3.0,403.63,1210.8899999999999
ORD100560,2022-08-05,CUST00293,North,P0042,Toys,5.0,,2044.4
ORD100561,2022-11-27,CUST00100,North,P0050,Books,1.0,31.06,31.06
ORD100562,2021-11-15,CUST00308,North,P0034,,5.0,178.41,892.05
ORD100563,2021-09-18,CUST00382,,P0098,Home,9.0,403.72,3633.4800000000005
ORD100564,2022-01-22,CUST00048,South,P0038,Clothing,9.0,,1744.29
ORD100565,2021-12-13,CUST00313,East,P0017,Toys,3.0,208.64,625.92
ORD100566,2022-08-29,CUST00447,West,P0100,Grocery,4.0,439.15,1756.6
ORD100567,2021-04-30,CUST00260,South,P0052,Clothing,5.0,461.89,2309.45
ORD100568,2021-04-17,CUST00343,South,P0059,Books,2.0,332.58,665.16
ORD100569,2022-02-11,CUST00220,,P0025,Toys,7.0,347.16,2430.1200000000003
ORD100570,2021-04-09,CUST00099,North,P0052,Clothing,2.0,76.19,152.38
ORD100571,2021-02-23,CUST00298,South,P0049,Books,3.0,348.35,1045.0500000000002
ORD100572,2021-07-06,CUST00231,North,P0047,Books,4.0,126.89,507.56
ORD100573,2022-04-20,CUST00384,East,P0052,Home,1.0,282.99,282.99
ORD100574,2021-07-29,CUST00293,South,P0047,Books,7.0,489.57,3426.99
ORD100575,2021-12-25,CUST00448,South,P0019,Home,9.0,40.29,362.61
ORD100576,2022-08-28,CUST00120,West,P0002,Toys,3.0,354.75,1064.25
ORD100577,2022-11-19,CUST00437,South,P0051,Grocery,,446.09,4014.81
ORD100578,2021-12-23,CUST00349,South,P0074,Books,4.0,37.95,151.8
ORD100579,2021-04-10,CUST00253,North,P0086,Home,2.0,427.22,854.44
ORD100580,2022-01-19,CUST00205,North,P0044,Clothing,6.0,82.41,494.46
ORD100581,2021-05-05,CUST00488,South,P0094,Home,6.0,204.27,1225.6200000000001
ORD100582,2021-12-15,CUST00166,West,P0027,Grocery,6.0,301.96,1811.7599999999998
ORD100583,2021-11-07,CUST00031,West,P0007,Grocery,1.0,452.75,452.75
ORD100584,2021-10-04,CUST00038,South,P0100,Clothing,5.0,393.5,1967.5
ORD100585,2022-08-11,CUST00063,South,P0030,Electronics,2.0,371.88,743.76
ORD100586,2022-07-07,CUST00264,West,P0014,Toys,7.0,41.35,289.45
ORD100587,2021-03-28,CUST00213,South,P0069,Home,5.0,130.15,650.75
ORD100588,2021-02-18,CUST00287,South,P0015,,1.0,19.26,19.26
ORD100589,2022-03-04,CUST00272,North,P0099,Books,1.0,335.08,335.08
ORD100590,2022-05-16,CUST00463,South,P0037,Toys,,165.97,165.97
ORD100591,2022-06-06,CUST00430,West,P0095,Home,9.0,31.87,286.83
ORD100592,2022-04-19,CUST00054,West,P0035,Toys,1.0,439.86,439.86
ORD100593,2022-05-01,CUST00330,West,P0013,,3.0,499.67,1499.01
ORD100594,2022-03-20,CUST00278,West,P0074,Grocery,6.0,369.31,2215.86
ORD100595,2021-04-05,CUST00424,East,P0033,Clothing,4.0,363.77,1455.08
ORD100596,2021-12-07,CUST00497,South,P0065,Home,7.0,495.91,3471.3700000000003
ORD100597,2021-07-09,CUST00334,South,P0024,Toys,5.0,73.77,368.84999999999997
ORD100598,2021-11-12,,North,P0005,Home,2.0,190.6,381.2
ORD100599,2021-08-26,CUST00481,East,P0029,Grocery,5.0,467.23,2336.15
ORD100600,2021-05-18,CUST00099,North,P0034,Toys,6.0,158.87,953.22
ORD100601,2021-09-11,CUST00218,South,P0009,Electronics,2.0,444.43,888.86
ORD100602,2022-11-10,CUST00440,East,P0095,Grocery,1.0,154.48,154.48
ORD100603,2022-11-04,CUST00136,West,P0076,Electronics,8.0,233.2,1865.6
ORD100604,2022-03-29,CUST00272,West,P0043,Clothing,9.0,339.44,3054.96
ORD100605,2022-03-19,CUST00221,East,P0060,Home,,40.56,121.68
ORD100606,2022-07-01,CUST00192,North,P0008,Books,7.0,7.12,49.84
ORD100607,2021-02-26,CUST00013,West,P0041,Toys,6.0,88.76,532.5600000000001
ORD100608,2021-05-27,CUST00445,North,P0002,Toys,6.0,56.32,337.92
ORD100609,2021-09-22,CUST00251,East,P0051,Home,,397.95,1193.85
ORD100610,2022-11-20,CUST00411,East,P0059,Books,9.0,177.46,1597.14
ORD100611,2021-12-14,CUST00111,East,P0091,Electronics,9.0,190.75,1716.75
ORD100612,2022-09-23,CUST00048,South,P0073,,2.0,478.92,957.84
ORD100613,2021-08-14,CUST00184,North,P0045,Electronics,9.0,346.18,3115.62
ORD100614,2021-03-30,CUST00314,West,P0068,Clothing,5.0,435.32,2176.6
ORD100615,2021-09-09,CUST00076,West,P0052,Books,6.0,237.98,1427.8799999999999
ORD100616,2021-06-14,CUST00381,West,P0022,Grocery,4.0,406.1,1624.4
ORD100617,2022-03-07,CUST00274,West,P0055,Clothing,8.0,164.66,1317.28
ORD100618,2021-11-22,CUST00097,North,P0029,Clothing,3.0,336.73,1010.19
ORD100619,2021-07-21,CUST00402,North,P0017,Electronics,2.0,164.98,329.96
ORD100620,2021-07-12,CUST00386,East,P0047,Clothing,9.0,183.54,1651.86
ORD100621,2022-07-12,CUST00252,East,P0032,Grocery,4.0,306.59,1226.36
ORD100622,2022-12-31,CUST00357,East,P0046,Clothing,9.0,88.68,798.1200000000001
ORD100623,2022-04-29,CUST00265,West,P0073,Electronics,5.0,258.02,1290.1
ORD100624,2021-03-12,CUST00068,North,P0010,Books,1.0,193.63,193.63
ORD100625,2022-10-02,CUST00251,East,P0036,Grocery,3.0,259.35,778.0500000000001
ORD100626,2022-04-06,CUST00095,North,P0073,Toys,6.0,167.27,1003.6200000000001
ORD100627,2021-10-04,CUST00216,East,P0009,Home,3.0,388.24,1164.72
ORD100628,2022-03-14,CUST00067,West,P0091,Toys,5.0,315.87,1579.35
ORD100629,2021-02-25,CUST00117,East,P0081,Home,,490.25,2451.25
ORD100630,2022-03-10,CUST00352,,P0059,Books,7.0,55.2,386.40000000000003
ORD100631,2022-11-03,,East,P0012,,7.0,152.11,1064.77
ORD100632,2021-11-09,CUST00225,South,P0029,Home,5.0,133.39,666.9499999999999
ORD100633,2021-11-06,CUST00411,West,P0022,Home,8.0,99.31,794.48
ORD100634,2022-08-21,CUST00180,South,P0025,Electronics,3.0,246.75,740.25
ORD100635,2021-01-19,CUST00008,North,P0056,Home,4.0,314.79,1259.16
ORD100636,2021-04-17,CUST00339,West,P0011,Electronics,,149.75,1198.0
ORD100637,2021-08-20,CUST00494,North,P0004,Clothing,7.0,84.21,589.4699999999999
ORD100638,2022-09-21,CUST00434,West,P0086,Clothing,9.0,69.67,627.03
ORD100639,2022-08-03,CUST00053,West,P0087,Electronics,,361.03,2527.21
ORD100640,2021-10-28,CUST00213,East,P0013,Books,2.0,332.21,664.42
ORD100641,2022-04-01,CUST00251,East,P0081,Clothing,8.0,487.35,3898.8
ORD100642,2021-01-25,CUST00033,South,P0070,Clothing,8.0,259.97,2079.76
ORD100643,2021-12-01,,West,P0024,Toys,4.0,332.13,1328.52
ORD100644,2021-07-28,CUST00171,North,P0022,Electronics,2.0,303.68,607.36
ORD100645,2022-07-21,CUST00216,East,P0074,,9.0,167.15,1504.3500000000001
ORD100646,2021-10-06,CUST00105,South,P0098,Clothing,6.0,134.69,808.14
ORD100647,2022-02-03,CUST00402,North,P0090,Clothing,7.0,281.33,1969.31
ORD100648,2021-09-11,CUST00022,West,P0092,Clothing,9.0,,1742.4900000000002
ORD100649,2022-11-12,CUST00006,North,P0076,Toys,1.0,202.04,202.04
ORD100650,2021-10-01,CUST00261,North,P0083,Toys,9.0,424.85,3823.65
ORD100651,2022-06-04,CUST00409,West,P0035,Electronics,5.0,356.24,1781.2
ORD100652,2021-08-08,CUST00062,West,P0048,Home,,346.57,1386.28
ORD100653,2022-09-29,CUST00211,East,P0040,Books,3.0,14.54,43.62
ORD100654,2021-08-24,CUST00243,North,P0038,Home,5.0,145.4,727.0
ORD100655,2022-01-29,CUST00254,East,P0069,Clothing,3.0,,812.79
ORD100656,2022-01-01,CUST00444,North,P0075,Electronics,1.0,51.01,51.01
ORD100657,2021-09-07,CUST00363,South,P0014,Books,7.0,98.13,686.91
ORD100658,2021-07-21,CUST00278,North,P0071,Home,1.0,311.05,311.05
ORD100659,2021-06-23,CUST00045,North,P0094,Books,4.0,369.42,1477.68
ORD100660,2021-10-16,CUST00374,North,P0072,Clothing,7.0,273.99,1917.93
ORD100661,2022-04-22,CUST00323,East,P0055,Books,2.0,348.57,697.14
ORD100662,2021-07-13,CUST00374,West,P0019,Clothing,3.0,196.32,588.96
ORD100663,2022-07-01,CUST00059,South,P0034,Grocery,2.0,21.14,42.28
ORD100664,2021-01-17,CUST00431,South,P0037,Electronics,4.0,190.37,761.48
ORD100665,2021-06-22,CUST00229,East,P0051,Home,3.0,78.94,236.82
ORD100666,2021-10-30,CUST00028,South,P0081,Books,3.0,361.03,1083.09
ORD100667,2022-11-24,CUST00408,North,P0089,Books,6.0,470.3,2821.8
ORD100668,2022-10-30,CUST00119,South,P0021,Electronics,4.0,290.66,1162.64
ORD100669,2022-08-25,CUST00153,South,P0067,Clothing,2.0,7.93,15.86
ORD100670,2021-01-31,CUST00208,South,P0071,Grocery,7.0,118.56,829.9200000000001
ORD100671,2022-07-10,CUST00116,East,P0090,Toys,9.0,374.54,3370.86
ORD100672,2021-11-26,CUST00124,South,P0036,Clothing,5.0,172.58,862.9000000000001
ORD100673,2021-11-09,CUST00115,,P0050,Clothing,2.0,75.66,151.32
ORD100674,2022-06-14,CUST00334,North,P0082,Toys,9.0,76.74,690.66
ORD100675,2022-02-04,CUST00143,North,P0058,Clothing,6.0,346.23,2077.38
ORD100676,2021-09-25,CUST00461,East,P0062,Grocery,3.0,54.73,164.19
ORD100677,2022-10-26,CUST00405,West,P0009,Clothing,4.0,328.31,1313.24
ORD100678,2022-09-05,CUST00206,,P0086,Grocery,5.0,414.5,2072.5
ORD100679,2021-05-05,CUST00292,North,P0062,Grocery,8.0,371.03,2968.24
ORD100680,2022-08-15,CUST00251,East,P0099,Toys,7.0,208.25,1457.75
ORD100681,2021-12-19,CUST00080,West,P0035,Grocery,9.0,168.28,1514.52
ORD100682,2021-03-16,CUST00011,,P0004,Electronics,4.0,36.13,144.52
ORD100683,2021-11-05,CUST00285,East,P0001,Clothing,9.0,128.85,1159.6499999999999
ORD100684,2022-05-25,CUST00025,West,P0033,Books,3.0,425.08,1275.24
ORD100685,2022-01-08,CUST00495,South,P0060,Clothing,1.0,179.21,179.21
ORD100686,2022-02-15,CUST00292,West,P0092,Grocery,6.0,223.95,1343.6999999999998
ORD100687,2021-10-25,CUST00225,West,P0015,Grocery,2.0,311.31,622.62
ORD100688,2022-07-21,,South,P0039,Electronics,3.0,242.0,726.0
ORD100689,2021-01-11,CUST00142,South,P0093,Toys,8.0,397.58,3180.64
ORD100690,2021-05-09,CUST00017,East,P0072,Books,5.0,,1770.6
ORD100691,2022-06-05,CUST00121,East,P0075,,9.0,488.07,4392.63
ORD100692,2022-03-07,CUST00388,South,P0066,Toys,9.0,314.61,2831.4900000000002
ORD100693,2022-04-28,CUST00103,North,P0033,Home,5.0,295.67,1478.3500000000001
ORD100694,2022-10-22,CUST00264,West,P0088,Home,2.0,431.87,863.74
ORD100695,2021-07-12,CUST00366,South,P0084,Grocery,9.0,146.46,1318.14
ORD100696,2022-01-03,CUST00066,East,P0061,Toys,2.0,162.93,325.86
ORD100697,2022-12-28,CUST00256,North,P0022,Books,9.0,64.29,578.61
ORD100698,2021-01-07,CUST00163,South,P0072,Electronics,,372.36,372.36
ORD100699,2021-09-23,CUST00131,East,P0077,Books,2.0,208.01,416.02
ORD100700,2022-10-04,CUST00429,North,P0014,Toys,8.0,281.81,2254.48
ORD100701,2021-09-17,CUST00249,East,P0095,Home,3.0,456.76,1370.28
ORD100702,2022-06-03,CUST00406,North,P0003,Electronics,8.0,66.3,530.4
ORD100703,2022-02-16,CUST00151,North,P0098,Books,1.0,409.56,409.56
ORD100704,2021-08-14,CUST00319,North,P0087,Electronics,3.0,43.16,129.48
ORD100705,2021-02-24,CUST00189,East,P0085,Electronics,7.0,430.0,3010.0
ORD100706,2022-04-24,CUST00373,North,P0093,Books,1.0,395.6,395.6
ORD100707,2021-04-18,CUST00215,,P0045,Clothing,2.0,364.8,729.6
ORD100708,2021-01-21,CUST00096,North,P0069,Electronics,7.0,225.55,1578.8500000000001
ORD100709,2022-12-17,CUST00082,West,P0006,Books,5.0,167.5,837.5
ORD100710,2022-05-26,CUST00456,North,P0073,Home,,343.95,2751.6
ORD100711,2022-06-18,CUST00097,West,P0045,Electronics,5.0,48.55,242.75
ORD100712,2021-01-29,CUST00106,North,P0081,Clothing,1.0,102.08,102.08
ORD100713,2021-11-04,CUST00055,West,P0091,Home,4.0,195.56,782.24
ORD100714,2021-07-03,CUST00042,North,P0038,Toys,1.0,40.85,40.85
ORD100715,2021-05-03,CUST00035,North,P0063,Electronics,3.0,433.54,1300.6200000000001
,,,,,,,,
ORD100717,2022-04-12,CUST00006,South,P0009,Grocery,9.0,373.02,3357.18
ORD100718,2022-07-24,CUST00018,South,P0023,Clothing,4.0,308.47,1233.88
ORD100719,2021-09-28,CUST00288,East,P0013,Clothing,1.0,164.48,164.48
ORD100720,2021-12-03,CUST00492,East,P0048,Books,,395.5,1977.5
ORD100721,2021-10-30,CUST00004,North,P0047,,8.0,122.95,983.6
ORD100722,2021-11-05,CUST00440,South,P0047,Books,5.0,271.53,1357.6499999999999
ORD100723,2021-03-22,CUST00375,South,P0042,Electronics,8.0,375.23,3001.84
ORD100724,2021-01-06,CUST00235,East,P0008,Books,8.0,360.97,2887.76
ORD100725,2022-04-06,CUST00243,East,P0011,Toys,5.0,437.76,2188.8
ORD100726,2021-01-27,CUST00217,North,P0074,Toys,6.0,471.9,2831.3999999999996
ORD100727,2022-09-25,CUST00058,South,P0018,Home,7.0,346.51,2425.5699999999997
ORD100728,2022-03-25,CUST00160,East,P0074,,9.0,479.49,4315.41
ORD100729,2022-12-17,CUST00187,North,P0023,Toys,2.0,277.67,555.34
ORD100730,2021-10-20,CUST00221,West,P0077,Electronics,8.0,108.49,867.92
ORD100731,2021-04-02,CUST00399,East,P0021,Grocery,1.0,64.66,64.66
ORD100732,2021-10-12,CUST00283,North,P0085,Books,4.0,419.89,1679.56
ORD100733,2021-05-29,CUST00239,North,P0049,Electronics,1.0,96.13,96.13
ORD100734,2022-12-29,CUST00017,,P0001,Grocery,1.0,473.82,473.82
ORD100735,2021-08-30,CUST00477,North,P0002,Grocery,6.0,485.05,2910.3
ORD100736,2022-11-28,CUST00228,North,P0006,Toys,5.0,,235.7
ORD100737,2021-04-20,CUST00369,North,P0011,Grocery,3.0,50.05,150.14999999999998
ORD100738,2021-01-01,CUST00499,West,P0050,Grocery,8.0,303.41,2427.28
ORD100739,2021-01-13,CUST00276,East,P0035,,7.0,,2423.1200000000003
ORD100740,2022-12-10,CUST00226,South,P0096,Electronics,7.0,295.88,2071.16
ORD100741,2022-01-28,CUST00319,North,P0052,Books,,21.31,170.48
ORD100742,2021-05-02,CUST00317,North,P0006,Clothing,5.0,358.68,1793.4
ORD100743,2021-04-17,CUST00220,South,P0092,Home,2.0,39.36,78.72
ORD100744,2022-07-05,CUST00253,West,P0011,Toys,,29.73,29.73
ORD100745,2021-02-17,CUST00125,North,P0021,Grocery,6.0,378.59,2271.54
ORD100746,2021-12-05,CUST00332,East,P0063,Grocery,5.0,140.88,704.4
ORD100747,2022-09-10,CUST00481,North,P0018,Clothing,,473.87,4264.83
ORD100748,2022-02-26,CUST00002,North,P0084,Clothing,2.0,345.66,691.32
ORD100749,2021-07-28,CUST00334,North,P0100,Toys,8.0,49.86,398.88
ORD100750,2022-04-06,CUST00131,East,P0010,Books,,76.24,304.96
ORD100751,2021-11-14,CUST00018,West,P0071,Grocery,6.0,329.38,1976.28
ORD100752,2022-08-19,CUST00304,North,P0082,Grocery,6.0,252.0,1512.0
ORD100753,2022-08-17,CUST00466,North,P0041,Grocery,3.0,476.93,1430.79
ORD100754,2021-03-24,CUST00250,North,P0025,Home,4.0,474.6,1898.4
ORD100755,2022-02-06,CUST00201,East,P0077,Clothing,8.0,226.78,1814.24
ORD100756,2021-04-01,CUST00264,South,P0023,Toys,,135.11,405.33000000000004
ORD100757,2022-08-20,CUST00441,North,P0081,Books,3.0,351.7,1055.1
ORD100758,2022-08-15,CUST00143,South,P0028,Books,6.0,64.32,385.91999999999996
ORD100759,2022-07-11,CUST00491,East,P0071,Clothing,4.0,376.95,1507.8
ORD100760,2021-11-21,,South,P0024,Home,1.0,271.32,271.32
ORD100761,2021-09-15,CUST00379,South,P0003,Home,4.0,112.66,450.64
ORD100762,2021-12-26,CUST00327,West,P0003,Electronics,6.0,199.12,1194.72
ORD100763,2021-12-03,CUST00242,West,P0046,Electronics,1.0,282.01,282.01
ORD100764,2021-01-08,CUST00193,East,P0087,Books,8.0,,2428.48
ORD100765,2022-11-25,CUST00017,North,P0033,Toys,1.0,393.02,393.02
ORD100766,2022-09-04,CUST00141,South,P0008,Books,9.0,391.35,3522.15
ORD100767,2021-05-20,CUST00323,East,P0038,Electronics,3.0,89.51,268.53000000000003
ORD100768,2021-07-29,CUST00029,South,P0061,Home,5.0,267.83,1339.1499999999999
ORD100769,2021-09-29,CUST00354,North,P0082,Clothing,4.0,351.68,1406.72
ORD100770,2021-01-29,CUST00185,West,P0007,Electronics,6.0,72.66,435.96
ORD100771,2022-12-04,CUST00369,West,P0012,Grocery,2.0,78.56,157.12
ORD100772,2022-02-04,CUST00212,West,P0058,Clothing,8.0,496.89,3975.12
ORD100773,2021-05-20,CUST00336,North,P0057,Books,2.0,,943.26
ORD100774,2022-10-14,CUST00207,South,P0024,Clothing,3.0,77.78,233.34
ORD100775,2021-10-01,,East,P0072,Toys,4.0,118.56,474.24
ORD100776,2021-04-22,CUST00078,South,P0057,Clothing,7.0,44.89,314.23
ORD100777,2021-08-31,CUST00408,East,P0049,Home,7.0,178.75,1251.25
ORD100778,2022-09-16,CUST00056,East,P0022,Electronics,1.0,464.65,464.65
ORD100779,2021-09-07,CUST00454,East,P0099,Books,8.0,144.64,1157.12
ORD100780,2022-06-04,CUST00155,East,P0067,Books,1.0,367.64,367.64
ORD100781,2022-03-13,CUST00073,East,P0013,Clothing,1.0,214.36,214.36
ORD100782,2022-09-18,CUST00490,West,P0061,,,102.14,306.42
ORD100783,2022-04-04,CUST00290,West,P0072,Toys,,139.85,699.25
ORD100784,2021-06-12,CUST00039,North,P0004,Books,6.0,315.61,1893.66
ORD100785,2022-08-02,CUST00075,West,P0023,Electronics,7.0,284.07,1988.49
ORD100786,2021-11-17,CUST00021,East,P0043,Toys,2.0,358.44,716.88
ORD100787,2022-10-23,CUST00181,South,P0087,Clothing,7.0,254.37,1780.5900000000001
ORD100788,2022-11-10,CUST00303,East,P0008,Electronics,4.0,,134.76
ORD100789,2021-01-14,CUST00048,South,P0033,Toys,6.0,118.41,710.46
ORD100790,2022-02-02,CUST00124,West,P0100,Clothing,8.0,49.62,396.96
ORD100791,2022-10-02,CUST00014,North,P0019,Home,4.0,235.12,940.48
ORD100792,2022-04-29,CUST00010,West,P0027,,4.0,167.94,671.76
ORD100793,2021-12-25,CUST00063,North,P0001,Clothing,3.0,295.54,886.6200000000001
ORD100794,2022-02-11,CUST00294,East,P0029,Grocery,8.0,390.56,3124.48
ORD100795,2021-02-10,CUST00108,North,P0090,Clothing,3.0,,387.54
ORD100796,2022-11-23,CUST00060,West,P0057,Clothing,1.0,427.74,427.74
ORD100797,2021-11-26,CUST00089,East,P0015,Electronics,3.0,234.55,703.6500000000001
ORD100798,2021-07-06,CUST00222,West,P0018,Grocery,7.0,302.72,2119.04
ORD100799,2022-10-19,CUST00274,East,P0060,Home,8.0,183.28,1466.24
ORD100800,2022-11-07,CUST00446,West,P0011,Grocery,2.0,14.02,28.04
ORD100801,2022-08-17,CUST00280,East,P0100,Books,2.0,196.7,393.4
ORD100802,2021-04-25,CUST00267,North,P0035,Clothing,7.0,21.97,153.79
ORD100803,2021-01-06,CUST00251,South,P0075,Grocery,5.0,465.81,2329.05
ORD100804,2022-11-01,CUST00411,South,P0087,Books,2.0,94.87,189.74
ORD100805,2022-06-28,CUST00128,West,P0056,Home,4.0,384.71,1538.84
ORD100806,2021-09-06,CUST00411,North,P0039,Clothing,9.0,169.3,1523.7
ORD100807,2021-01-21,CUST00245,South,P0037,Home,6.0,266.99,1601.94
ORD100808,2022-03-12,CUST00175,North,P0033,Home,4.0,24.33,97.32
ORD100809,2021-01-23,CUST00492,North,P0016,Toys,4.0,349.52,1398.08
ORD100810,2022-01-14,,South,P0064,Clothing,1.0,466.68,466.68
ORD100811,2021-10-27,CUST00434,South,P0026,Clothing,6.0,118.22,709.3199999999999
ORD100812,2021-05-19,CUST00086,West,P0010,Home,6.0,192.44,1154.6399999999999
ORD100813,2022-12-07,CUST00326,North,P0055,Grocery,9.0,412.5,3712.5
ORD100814,2022-07-04,CUST00354,East,P0001,Grocery,5.0,100.05,500.25
ORD100815,2021-04-16,CUST00459,West,P0062,Home,1.0,36.48,36.48
ORD100816,2021-07-18,CUST00420,North,P0071,Home,6.0,181.89,1091.34
ORD100817,2021-04-01,CUST00160,South,P0089,Toys,6.0,190.15,1140.9
ORD100818,2021-06-12,CUST00157,West,P0086,Electronics,5.0,79.76,398.8
ORD100819,2022-09-26,CUST00289,West,P0084,Books,2.0,443.53,887.06
ORD100820,2022-05-19,CUST00160,West,P0100,Clothing,5.0,213.04,1065.2
ORD100821,2021-08-20,CUST00089,West,P0054,Electronics,2.0,363.57,727.14
ORD100822,2021-09-11,CUST00452,West,P0015,Clothing,5.0,495.83,2479.15
ORD100823,2021-01-30,CUST00164,West,P0055,Toys,9.0,349.14,3142.2599999999998
ORD100824,2022-11-10,CUST00494,West,P0076,Clothing,9.0,378.37,3405.33
ORD100825,2021-04-02,CUST00453,South,P0071,Books,9.0,454.67,4092.03
ORD100826,2021-08-21,CUST00191,South,P0048,Electronics,9.0,,1885.23
ORD100827,2022-10-16,CUST00120,South,P0074,Clothing,4.0,266.56,1066.24
ORD100828,2022-09-06,CUST00004,North,P0005,,8.0,216.78,1734.24
ORD100829,2021-08-20,CUST00174,South,P0087,Toys,4.0,308.93,1235.72
ORD100830,2021-03-29,CUST00146,East,P0024,Books,3.0,222.19,666.5699999999999
ORD100831,2022-01-19,CUST00410,East,P0075,Clothing,7.0,9.55,66.85000000000001
ORD100832,2021-12-29,CUST00038,North,P0018,Books,3.0,283.21,849.6299999999999
ORD100833,2022-06-02,CUST00394,East,P0036,Clothing,9.0,122.2,1099.8
ORD100834,2021-11-17,CUST00239,North,P0053,Toys,3.0,155.58,466.74
ORD100835,2021-07-29,CUST00165,East,P0087,Books,6.0,93.01,558.0600000000001
ORD100836,2021-04-21,CUST00370,,P0061,Books,8.0,158.9,1271.2
ORD100837,2022-06-23,CUST00100,East,P0053,Clothing,6.0,200.26,1201.56
ORD100838,2022-08-15,CUST00149,West,P0086,Home,3.0,,714.9300000000001
ORD100839,2022-12-27,CUST00320,West,P0088,Clothing,7.0,338.17,2367.19
ORD100840,2022-03-25,CUST00418,North,P0077,Grocery,5.0,296.12,1480.6
ORD100841,2022-10-05,CUST00353,North,P0083,Grocery,1.0,211.68,211.68
ORD100842,2021-11-22,CUST00293,East,P0060,Toys,7.0,38.05,266.34999999999997
ORD100843,2022-10-15,CUST00212,West,P0010,Toys,8.0,239.4,1915.2
ORD100844,2021-03-27,CUST00004,South,P0091,Electronics,5.0,398.36,1991.8000000000002
ORD100845,2021-05-25,,West,P0087,Home,5.0,467.81,2339.05
ORD100846,2022-10-02,CUST00427,South,P0036,Electronics,5.0,98.61,493.05
ORD100847,2022-09-30,CUST00272,South,P0081,Toys,5.0,229.48,1147.3999999999999
ORD100848,2021-06-07,CUST00364,North,P0058,Toys,6.0,302.34,1814.04
ORD100849,2022-04-09,CUST00169,North,P0071,Toys,4.0,208.92,835.68
ORD100850,2021-04-29,,South,P0009,Clothing,6.0,435.53,2613.18
ORD100851,2021-04-16,,North,P0069,Grocery,2.0,451.79,903.58
ORD100852,2021-04-29,CUST00015,North,P0090,Grocery,6.0,293.07,1758.42
ORD100853,2022-06-24,CUST00370,East,P0063,Books,1.0,323.55,323.55
ORD100854,2022-10-05,CUST00248,North,P0007,Grocery,9.0,436.1,3924.9
ORD100855,2022-09-16,CUST00268,North,P0034,,4.0,286.86,1147.44
ORD100856,2021-05-25,CUST00371,East,P0076,Clothing,5.0,,2349.3
ORD100857,2022-09-22,CUST00138,East,P0091,Grocery,4.0,173.03,692.12
ORD100858,2021-01-05,,North,P0088,Toys,5.0,108.51,542.5500000000001
ORD100859,2021-01-27,CUST00466,North,P0019,Electronics,9.0,181.5,1633.5
ORD100860,2021-12-14,CUST00467,West,P0044,Toys,3.0,471.43,1414.29
ORD100861,2022-07-18,CUST00260,South,P0084,Books,6.0,485.65,2913.8999999999996
ORD100862,2021-04-20,,South,P0003,Home,6.0,418.62,2511.7200000000003
ORD100863,2022-06-27,CUST00232,North,P0073,Clothing,8.0,141.39,1131.12
ORD100864,2022-10-05,CUST00202,East,P0032,Toys,2.0,70.51,141.02
ORD100865,2022-02-21,CUST00175,,P0075,Books,1.0,40.27,40.27
ORD100866,2022-07-22,CUST00459,West,P0092,Grocery,7.0,253.02,1771.14
ORD100867,2021-04-10,CUST00246,,P0009,Grocery,3.0,441.41,1324.23
ORD100868,2022-04-26,CUST00452,West,P0019,Clothing,1.0,23.88,23.88
ORD100869,2021-08-02,CUST00079,South,P0011,,3.0,418.85,1256.5500000000002
ORD100870,2022-01-10,CUST00373,East,P0020,,6.0,189.8,1138.8000000000002
ORD100871,2021-01-10,CUST00020,West,P0004,Clothing,6.0,174.07,1044.42
ORD100872,2021-02-15,,South,P0005,Clothing,7.0,391.58,2741.06
ORD100873,2021-04-09,CUST00498,North,P0011,Clothing,2.0,347.84,695.68
ORD100874,2021-11-10,CUST00500,South,P0039,Home,,32.24,161.20000000000002
ORD100875,2022-11-25,CUST00167,,P0072,Toys,4.0,453.03,1812.12
ORD100876,2021-09-09,,South,P0046,Books,5.0,207.92,1039.6
ORD100877,2021-05-03,CUST00447,West,P0020,Grocery,6.0,148.21,889.26
ORD100878,2021-10-04,CUST00026,South,P0031,Grocery,1.0,43.11,43.11
ORD100879,2021-01-07,CUST00107,East,P0091,,8.0,57.01,456.08
ORD100880,2022-09-06,CUST00384,West,P0006,Toys,8.0,210.49,1683.92
ORD100881,2021-01-20,CUST00282,North,P0035,Grocery,7.0,285.38,1997.6599999999999
ORD100882,2021-08-24,,West,P0065,Grocery,2.0,276.87,553.74
ORD100883,2021-10-29,CUST00328,South,P0044,Books,7.0,319.62,2237.34
ORD100884,2021-03-14,CUST00134,North,P0069,Electronics,9.0,412.71,3714.39
ORD100885,2021-02-24,CUST00150,East,P0072,Home,4.0,321.92,1287.68
ORD100886,2022-11-03,CUST00073,North,P0097,Grocery,7.0,201.1,1407.7
ORD100887,2021-10-12,CUST00306,South,P0008,,6.0,262.13,1572.78
ORD100888,2021-08-07,CUST00289,East,P0087,Grocery,2.0,154.0,308.0
ORD100889,2022-05-17,CUST00121,South,P0051,,8.0,,612.8
ORD100890,2021-07-17,CUST00105,West,P0084,Grocery,1.0,50.58,50.58
ORD100891,2021-01-28,CUST00163,North,P0039,Clothing,2.0,,836.38
ORD100892,2022-05-22,CUST00065,North,P0029,Grocery,8.0,30.56,244.48
ORD100893,2022-11-16,CUST00160,North,P0061,Clothing,9.0,370.34,3333.06
ORD100894,2021-05-18,CUST00389,East,P0073,Books,9.0,232.07,2088.63
ORD100895,2021-09-22,CUST00298,North,P0017,Books,5.0,272.82,1364.1
ORD100896,2021-04-16,CUST00150,North,P0001,Home,,,2749.08
ORD100897,2021-05-30,CUST00276,West,P0038,Toys,,164.92,1319.36
ORD100898,2021-03-24,CUST00234,West,P0079,Toys,1.0,,255.41
ORD100899,2021-06-20,,West,P0066,Clothing,4.0,129.48,517.92
ORD100900,2022-05-23,CUST00476,South,P0038,Grocery,8.0,28.67,229.36
ORD100901,2022-07-05,CUST00076,East,P0068,Electronics,6.0,52.96,317.76
ORD100902,2022-01-05,CUST00406,East,P0045,Clothing,1.0,208.67,208.67
ORD100903,2022-09-27,CUST00232,North,P0035,Electronics,2.0,293.48,586.96
ORD100904,2021-07-17,CUST00185,,P0005,Grocery,1.0,38.26,38.26
ORD100905,2021-06-30,CUST00208,North,P0090,Home,6.0,243.02,1458.1200000000001
ORD100906,2022-01-11,CUST00309,South,P0005,Clothing,2.0,6.96,13.92
ORD100907,2022-07-16,CUST00259,West,P0008,Clothing,2.0,239.66,479.32
ORD100908,2022-01-23,CUST00411,South,P0055,Electronics,2.0,198.15,396.3
ORD100909,2021-04-19,CUST00138,North,P0046,Books,3.0,157.78,473.34000000000003
ORD100910,2021-01-15,CUST00190,East,P0020,Grocery,3.0,288.15,864.4499999999999
ORD100911,2022-03-12,CUST00300,West,P0036,Electronics,6.0,496.47,2978.82
ORD100912,2022-01-05,CUST00448,West,P0033,Toys,1.0,136.78,136.78
ORD100913,2022-04-23,CUST00193,North,P0030,Books,7.0,173.11,1211.77
ORD100914,2021-06-22,CUST00424,,P0053,Clothing,3.0,314.82,944.46
ORD100915,2021-10-01,,South,P0068,Toys,,262.42,787.26
ORD100916,2022-12-22,CUST00488,East,P0068,Toys,4.0,472.01,1888.04
ORD100917,2021-10-14,CUST00128,East,P0076,,3.0,72.98,218.94
ORD100918,2021-08-25,CUST00415,South,P0032,Clothing,2.0,118.44,236.88
ORD100919,2021-04-26,CUST00357,West,P0072,Clothing,7.0,373.84,2616.8799999999997
ORD100920,2021-03-09,,East,P0100,Books,1.0,478.04,478.04
ORD100921,2022-06-03,CUST00283,North,P0063,Toys,8.0,422.35,3378.8
ORD100922,2022-09-07,CUST00236,West,P0031,,9.0,7.42,66.78
ORD100923,2022-05-07,CUST00042,West,P0016,Books,8.0,,3665.52
ORD100924,2021-06-21,CUST00159,East,P0047,Electronics,5.0,71.37,356.85
ORD100925,2021-06-10,CUST00445,West,P0073,Grocery,4.0,374.63,1498.52
ORD100926,2022-06-17,CUST00077,North,P0081,Electronics,9.0,353.3,3179.7000000000003
ORD100927,2021-02-04,CUST00338,North,P0078,Grocery,2.0,275.41,550.82
ORD100928,2021-01-26,,East,P0046,Clothing,7.0,204.14,1428.98
ORD100929,2022-07-10,CUST00131,North,P0057,Clothing,4.0,101.14,404.56
ORD100930,2022-03-06,CUST00204,East,P0088,Books,1.0,439.64,439.64
ORD100931,2022-12-21,CUST00140,East,P0075,Toys,8.0,265.04,2120.32
ORD100932,2021-12-10,CUST00022,West,P0045,Electronics,3.0,29.24,87.72
ORD100933,2021-10-21,,North,P0085,Books,1.0,369.47,369.47
ORD100934,2022-08-12,CUST00290,East,P0081,Books,4.0,395.59,1582.36
ORD100935,2021-05-03,CUST00034,West,P0057,Toys,5.0,6.78,33.9
ORD100936,2021-12-31,CUST00265,West,P0051,Grocery,1.0,371.22,371.22
ORD100937,2022-01-10,CUST00379,South,P0039,Toys,9.0,357.16,3214.44
ORD100938,2022-12-28,CUST00171,South,P0034,Books,2.0,309.86,619.72
ORD100939,2021-08-03,CUST00010,East,P0022,Grocery,7.0,58.78,411.46000000000004
ORD100940,2022-09-02,CUST00445,North,P0092,Toys,2.0,433.91,867.82
ORD100941,2021-12-30,CUST00059,East,P0050,Books,2.0,401.77,803.54
ORD100942,2022-06-29,CUST00316,West,P0054,Clothing,6.0,101.88,611.28
ORD100943,2021-10-12,CUST00254,West,P0055,Books,6.0,154.96,929.76
ORD100944,2021-08-27,CUST00249,West,P0096,Electronics,5.0,474.33,2371.65
ORD100945,2021-10-16,CUST00490,South,P0034,Grocery,3.0,47.72,143.16
ORD100946,2022-05-16,CUST00046,South,P0043,Electronics,2.0,332.13,664.26
ORD100947,2021-01-26,CUST00129,East,P0049,Books,7.0,37.81,264.67
ORD100948,2021-04-30,CUST00449,North,P0089,Toys,9.0,494.36,4449.24
ORD100949,2021-04-01,CUST00064,West,P0080,Books,6.0,196.78,1180.68
,,,,,,,,
ORD100951,2021-04-27,CUST00414,,P0094,Grocery,9.0,87.92,791.28
ORD100952,2021-07-28,,East,P0027,Electronics,2.0,248.63,497.26
ORD100953,2021-11-01,CUST00466,West,P0090,Grocery,3.0,357.06,1071.18
ORD100954,2021-06-03,CUST00496,West,P0019,Books,,428.07,428.07
ORD100955,2021-09-27,CUST00440,East,P0077,Home,1.0,314.54,314.54
ORD100956,2022-06-25,CUST00342,South,P0014,Toys,9.0,,3662.82
ORD100957,2021-08-06,CUST00250,East,P0037,Grocery,7.0,390.02,2730.14
ORD100958,2021-03-19,CUST00125,North,P0015,Books,,444.21,1776.84
ORD100959,2021-08-19,CUST00046,West,P0060,Electronics,3.0,306.64,919.92
ORD100960,2022-05-21,CUST00260,South,P0099,Home,2.0,407.1,814.2
ORD100961,2021-07-30,CUST00198,South,P0067,Electronics,8.0,316.88,2535.04
ORD100962,2021-11-20,CUST00215,North,P0024,Toys,4.0,387.29,1549.16
ORD100963,2022-03-03,CUST00182,West,P0003,,5.0,118.67,593.35
ORD100964,2021-03-07,CUST00047,West,P0064,Home,2.0,80.97,161.94
ORD100965,2022-01-30,CUST00479,East,P0060,Clothing,,308.23,2774.07
ORD100966,2021-10-11,CUST00158,North,P0034,,8.0,418.19,3345.52
ORD100967,2021-11-27,CUST00206,East,P0094,Electronics,4.0,247.76,991.04
ORD100968,2021-11-26,CUST00402,West,P0088,Grocery,1.0,388.61,388.61
ORD100969,2021-12-19,CUST00275,East,P0012,Clothing,9.0,113.39,1020.51
ORD100970,2022-01-15,CUST00388,West,P0050,Books,6.0,365.88,2195.2799999999997
ORD100971,2022-03-08,CUST00449,West,P0016,Grocery,4.0,304.49,1217.96
ORD100972,2021-09-27,CUST00473,,P0028,Books,,314.3,2828.7000000000003
ORD100973,2021-05-08,CUST00481,West,P0054,Books,3.0,239.33,717.99
ORD100974,2021-03-28,CUST00369,East,P0080,Grocery,4.0,457.32,1829.28
ORD100975,2022-07-31,CUST00164,North,P0042,Home,3.0,232.64,697.92
ORD100976,2022-05-10,CUST00226,West,P0097,Grocery,6.0,340.02,2040.12
ORD100977,2021-09-24,CUST00077,North,P0040,Toys,6.0,208.09,1248.54
ORD100978,2021-05-10,CUST00206,South,P0053,Home,9.0,153.59,1382.31
ORD100979,2022-08-05,CUST00442,North,P0055,Toys,6.0,57.33,343.98
ORD100980,2022-03-05,CUST00463,South,P0071,Books,1.0,70.64,70.64
ORD100981,2021-06-01,CUST00419,South,P0001,Grocery,7.0,146.66,1026.62
ORD100982,2022-10-28,,West,P0041,Clothing,5.0,306.64,1533.1999999999998
ORD100983,2022-02-02,CUST00465,South,P0048,Grocery,3.0,157.51,472.53
ORD100984,2021-08-17,CUST00254,North,P0030,Grocery,4.0,,1674.88
ORD100985,2021-07-22,CUST00268,East,P0079,Books,2.0,67.91,135.82
ORD100986,2021-11-04,CUST00282,North,P0024,Books,9.0,173.25,1559.25
ORD100987,2022-06-11,CUST00476,South,P0094,Books,9.0,289.15,2602.35
ORD100988,2022-09-09,CUST00260,West,P0051,Clothing,4.0,,802.64
ORD100989,2022-12-03,CUST00169,South,P0072,Grocery,6.0,218.06,1308.3600000000001
ORD100990,2022-10-24,CUST00160,West,P0024,Books,7.0,198.5,1389.5
ORD100991,2021-10-21,CUST00227,North,P0004,Electronics,9.0,284.59,2561.31
ORD100992,2021-08-26,CUST00170,,P0036,Home,3.0,416.99,1250.97
ORD100993,2021-03-20,CUST00351,North,P0050,Electronics,3.0,209.44,628.3199999999999
ORD100994,2022-02-11,CUST00491,North,P0075,Electronics,2.0,472.2,944.4
ORD100995,2022-05-21,CUST00374,West,P0005,Clothing,4.0,223.85,895.4
ORD100996,2022-03-04,CUST00449,,P0038,Toys,5.0,101.38,506.9
ORD100997,2022-06-29,CUST00320,North,P0018,Books,6.0,119.17,715.02
ORD100998,2021-03-31,CUST00341,South,P0001,Toys,4.0,262.49,1049.96
ORD100999,2022-07-10,CUST00117,West,P0056,Grocery,1.0,351.7,351.7
